sujeto,grupo,canal,condicion,n_trials,snr_homogeneo,snr_inhomogeneo
co2a0000368,alcoholic,P7,S1 obj,39,0.946140479708617,3.708423713323363
co2a0000368,alcoholic,P7,S2 nomatch,20,3.5219488509124326,9.828816769602993
co2a0000368,alcoholic,P8,S1 obj,39,4.2366627214437,4.818584560746179
co2a0000368,alcoholic,P8,S2 nomatch,20,5.818255374686298,9.325325599632574
co2a0000368,alcoholic,PO7,S1 obj,39,1.6714527243276476,5.112681827267569
co2a0000368,alcoholic,PO7,S2 nomatch,20,4.932245506072771,4.3075270900518
co2a0000368,alcoholic,PO8,S1 obj,39,6.942767033982258,30.618416808731585
co2a0000368,alcoholic,PO8,S2 nomatch,20,6.290441899586643,8.139727871433038
co2a0000368,alcoholic,T7,S1 obj,39,0.4800595065141401,7.738487598105237
co2a0000368,alcoholic,T7,S2 nomatch,20,0.5437542618392595,1.883011283116111
co2a0000368,alcoholic,T8,S1 obj,39,2.7413931505451017,2.456097498966882
co2a0000368,alcoholic,T8,S2 nomatch,20,3.9245711676336503,11.39048319694836
co2a0000368,alcoholic,TP7,S1 obj,39,0.546522806403901,4.023577106193917
co2a0000368,alcoholic,TP7,S2 nomatch,20,1.4541599142302468,2.6271924528868307
co2a0000368,alcoholic,TP8,S1 obj,39,3.4242502705675477,3.1103417565534253
co2a0000368,alcoholic,TP8,S2 nomatch,20,6.097259331313374,5.36380393933208
co2a0000369,alcoholic,P7,S1 obj,58,1.3457567443152891,13.332991679502065
co2a0000369,alcoholic,P7,S2 nomatch,26,3.3554790677839073,7.533261319333198
co2a0000369,alcoholic,P8,S1 obj,58,1.923608090822557,7.155644409483993
co2a0000369,alcoholic,P8,S2 nomatch,26,3.2281709751999546,4.107359118844636
co2a0000369,alcoholic,PO7,S1 obj,58,2.3530798728115885,11.853771619401906
co2a0000369,alcoholic,PO7,S2 nomatch,26,2.073476495868863,6.936088255888815
co2a0000369,alcoholic,PO8,S1 obj,58,2.2063888601401804,11.531471963078703
co2a0000369,alcoholic,PO8,S2 nomatch,26,1.978505206726509,5.553312018980162
co2a0000369,alcoholic,T7,S1 obj,58,0.4100837309583305,7.151733964885196
co2a0000369,alcoholic,T7,S2 nomatch,26,6.095757708388589,4.572622171920829
co2a0000369,alcoholic,T8,S1 obj,58,0.43861582250239456,4.531145970632427
co2a0000369,alcoholic,T8,S2 nomatch,26,4.423105913837222,2.726909502554626
co2a0000369,alcoholic,TP7,S1 obj,58,0.674163099497489,5.673974416344099
co2a0000369,alcoholic,TP7,S2 nomatch,26,4.918406314364553,6.1526723444248335
co2a0000369,alcoholic,TP8,S1 obj,58,0.8884170129177974,14.518122654938573
co2a0000369,alcoholic,TP8,S2 nomatch,26,3.1630983503514285,2.8681215586450852
co2a0000370,alcoholic,P7,S1 obj,59,8.274204207159958,6.665690599220424
co2a0000370,alcoholic,P7,S2 nomatch,29,5.5405087255100165,2.4485803075074166
co2a0000370,alcoholic,P8,S1 obj,59,8.902376970612318,14.098974251728267
co2a0000370,alcoholic,P8,S2 nomatch,29,4.495575314516979,7.302045646257397
co2a0000370,alcoholic,PO7,S1 obj,59,7.0928048502593555,8.943196538391756
co2a0000370,alcoholic,PO7,S2 nomatch,29,5.073304715887257,3.2930756016728653
co2a0000370,alcoholic,PO8,S1 obj,59,11.373436828939106,11.40652610049752
co2a0000370,alcoholic,PO8,S2 nomatch,29,8.186380515788084,8.344446657383646
co2a0000370,alcoholic,T7,S1 obj,59,5.640615297615737,11.915320591899873
co2a0000370,alcoholic,T7,S2 nomatch,29,9.546626190949748,14.959531083988002
co2a0000370,alcoholic,T8,S1 obj,59,3.45062417836834,14.391751995030706
co2a0000370,alcoholic,T8,S2 nomatch,29,3.2090485471414567,7.019394388328741
co2a0000370,alcoholic,TP7,S1 obj,59,5.637799278123938,10.459318990281652
co2a0000370,alcoholic,TP7,S2 nomatch,29,7.343472781621369,29.167367177340342
co2a0000370,alcoholic,TP8,S1 obj,59,4.389617181387491,10.170950338327458
co2a0000370,alcoholic,TP8,S2 nomatch,29,3.600246860616423,11.221098066413402
co2a0000371,alcoholic,P7,S1 obj,53,7.490849734190932,24.632425966021238
co2a0000371,alcoholic,P7,S2 nomatch,28,9.841885216313448,10.986314836584071
co2a0000371,alcoholic,P8,S1 obj,53,6.417383434340634,7.041893230112981
co2a0000371,alcoholic,P8,S2 nomatch,28,9.184406274624886,16.120570911128368
co2a0000371,alcoholic,PO7,S1 obj,53,11.865737028192246,16.465996313298074
co2a0000371,alcoholic,PO7,S2 nomatch,28,3.3632905849499375,18.524881790073184
co2a0000371,alcoholic,PO8,S1 obj,53,5.015611397187265,11.506026363196199
co2a0000371,alcoholic,PO8,S2 nomatch,28,9.827390365262405,11.922097217365378
co2a0000371,alcoholic,T7,S1 obj,53,4.854038008586862,7.405388644897263
co2a0000371,alcoholic,T7,S2 nomatch,28,7.083117568432965,4.1227268557913455
co2a0000371,alcoholic,T8,S1 obj,53,3.6434300963021933,5.472442719446407
co2a0000371,alcoholic,T8,S2 nomatch,28,1.6120946768726299,5.261010226013213
co2a0000371,alcoholic,TP7,S1 obj,53,3.473831129639726,12.342284113941487
co2a0000371,alcoholic,TP7,S2 nomatch,28,6.008993566788071,6.551872252819002
co2a0000371,alcoholic,TP8,S1 obj,53,4.519895301804724,18.110388114816793
co2a0000371,alcoholic,TP8,S2 nomatch,28,3.122948237569044,6.213810747769241
co2a0000372,alcoholic,P7,S1 obj,57,8.732359135390656,30.65713521206897
co2a0000372,alcoholic,P7,S2 nomatch,29,9.025570477788575,3.493776386250358
co2a0000372,alcoholic,P8,S1 obj,57,7.912086751289365,10.931519559481483
co2a0000372,alcoholic,P8,S2 nomatch,29,15.34781834664544,21.077106666639164
co2a0000372,alcoholic,PO7,S1 obj,57,12.489868580758587,32.593176387265686
co2a0000372,alcoholic,PO7,S2 nomatch,29,12.776440530607697,7.671989750670727
co2a0000372,alcoholic,PO8,S1 obj,57,14.741107269757782,28.59919960912769
co2a0000372,alcoholic,PO8,S2 nomatch,29,17.100971322327908,12.389094985143423
co2a0000372,alcoholic,T7,S1 obj,57,2.1388707309705466,8.992147999592703
co2a0000372,alcoholic,T7,S2 nomatch,29,5.775092594259913,12.764534516693322
co2a0000372,alcoholic,T8,S1 obj,57,3.8262143455860613,2.957248487992289
co2a0000372,alcoholic,T8,S2 nomatch,29,7.308118783471796,11.073192883494182
co2a0000372,alcoholic,TP7,S1 obj,57,3.5668304802848074,14.645369079448772
co2a0000372,alcoholic,TP7,S2 nomatch,29,6.993151171981683,8.000430329603661
co2a0000372,alcoholic,TP8,S1 obj,57,5.000901330410981,3.743338496367393
co2a0000372,alcoholic,TP8,S2 nomatch,29,12.216755804071175,32.24133127868588
co2a0000377,alcoholic,P7,S1 obj,50,3.729469522878747,3.6737906945747785
co2a0000377,alcoholic,P7,S2 nomatch,25,4.472016660630768,6.482223238237039
co2a0000377,alcoholic,P8,S1 obj,50,3.2513622953029953,4.392979120756332
co2a0000377,alcoholic,P8,S2 nomatch,25,6.133374139169569,8.899252350678369
co2a0000377,alcoholic,PO7,S1 obj,50,4.29985213811648,4.304616078205439
co2a0000377,alcoholic,PO7,S2 nomatch,25,3.5653158445960744,4.694912375818625
co2a0000377,alcoholic,PO8,S1 obj,50,6.648336355154739,11.642538058456772
co2a0000377,alcoholic,PO8,S2 nomatch,25,5.887309944158684,10.613192001585878
co2a0000377,alcoholic,T7,S1 obj,50,1.2500805446677237,10.10067207569715
co2a0000377,alcoholic,T7,S2 nomatch,25,0.8062647094502483,
co2a0000377,alcoholic,T8,S1 obj,50,1.8179546349948368,9.33594503518748
co2a0000377,alcoholic,T8,S2 nomatch,25,7.007375720707679,12.731877764554968
co2a0000377,alcoholic,TP7,S1 obj,50,4.642329326607816,5.704771815744832
co2a0000377,alcoholic,TP7,S2 nomatch,25,1.6727678073585184,1.98385393997224
co2a0000377,alcoholic,TP8,S1 obj,50,1.7247975297721472,1.9650085044205179
co2a0000377,alcoholic,TP8,S2 nomatch,25,6.2186859416396425,7.3544889970649026
co2a0000379,alcoholic,P7,S1 obj,54,9.752210709261767,20.961432301158258
co2a0000379,alcoholic,P7,S2 nomatch,26,4.344695283851512,8.92859681159793
co2a0000379,alcoholic,P8,S1 obj,54,3.730116567666325,9.197550438899107
co2a0000379,alcoholic,P8,S2 nomatch,26,3.4077308559037824,4.726903012741131
co2a0000379,alcoholic,PO7,S1 obj,53,11.842698362934527,17.464325686519576
co2a0000379,alcoholic,PO7,S2 nomatch,26,4.641797123125367,10.247452784194277
co2a0000379,alcoholic,PO8,S1 obj,54,8.891398533704669,11.246483416858862
co2a0000379,alcoholic,PO8,S2 nomatch,26,4.65720766999347,6.6445009532081665
co2a0000379,alcoholic,T7,S1 obj,54,5.413641861381592,14.280433456269812
co2a0000379,alcoholic,T7,S2 nomatch,26,1.1993056144474212,10.850704752933323
co2a0000379,alcoholic,T8,S1 obj,54,3.618709470435604,8.105091533682943
co2a0000379,alcoholic,T8,S2 nomatch,26,0.735793190386713,5.292735901863854
co2a0000379,alcoholic,TP7,S1 obj,54,1.752409252162327,4.00301700556162
co2a0000379,alcoholic,TP7,S2 nomatch,26,2.2036572218808415,3.258206284629908
co2a0000379,alcoholic,TP8,S1 obj,54,1.9133513056987164,16.889888871269825
co2a0000379,alcoholic,TP8,S2 nomatch,26,1.5274126064030857,2.982448649172272
co2a0000381,alcoholic,P7,S1 obj,54,13.09805731790619,19.269656034174048
co2a0000381,alcoholic,P7,S2 nomatch,23,5.013340778076859,2.6405001758567788
co2a0000381,alcoholic,P8,S1 obj,54,11.002875486619699,8.200717986139908
co2a0000381,alcoholic,P8,S2 nomatch,23,15.441276853746386,13.261016960496468
co2a0000381,alcoholic,PO7,S1 obj,54,16.26594716227684,15.86473731394429
co2a0000381,alcoholic,PO7,S2 nomatch,23,8.934118780387244,3.847806414629138
co2a0000381,alcoholic,PO8,S1 obj,54,13.409591139952756,5.616136861185267
co2a0000381,alcoholic,PO8,S2 nomatch,23,12.862256417789684,22.010962860257646
co2a0000381,alcoholic,T7,S1 obj,54,5.645239817558279,8.787443930658592
co2a0000381,alcoholic,T7,S2 nomatch,23,2.173168905341317,2.9197654252649343
co2a0000381,alcoholic,T8,S1 obj,54,3.56716374987166,8.455845523389623
co2a0000381,alcoholic,T8,S2 nomatch,23,5.065733785472986,8.806829641279208
co2a0000381,alcoholic,TP7,S1 obj,54,7.743974868914462,9.636427571335798
co2a0000381,alcoholic,TP7,S2 nomatch,23,2.786618809282868,2.413669903105847
co2a0000381,alcoholic,TP8,S1 obj,54,7.236311112106289,14.158632496913562
co2a0000381,alcoholic,TP8,S2 nomatch,23,12.369297815917625,10.471840224015601
co2a0000384,alcoholic,P7,S1 obj,49,6.806380550841716,10.657070454477854
co2a0000384,alcoholic,P7,S2 nomatch,29,0.8405183063114826,2.3430957511249093
co2a0000384,alcoholic,P8,S1 obj,49,3.478644527974867,12.40122686221776
co2a0000384,alcoholic,P8,S2 nomatch,29,1.5068907751573677,3.241905779652613
co2a0000384,alcoholic,PO7,S1 obj,49,8.423912358979798,15.432775633218792
co2a0000384,alcoholic,PO7,S2 nomatch,29,2.554127571122263,4.945313662352815
co2a0000384,alcoholic,PO8,S1 obj,49,6.740825888134469,18.542106859131163
co2a0000384,alcoholic,PO8,S2 nomatch,29,1.1553980358654448,5.698361905974208
co2a0000384,alcoholic,T7,S1 obj,49,1.9706345636466303,19.17435805189741
co2a0000384,alcoholic,T7,S2 nomatch,29,3.418044571526402,4.542829042276672
co2a0000384,alcoholic,T8,S1 obj,49,0.5097235046702017,
co2a0000384,alcoholic,T8,S2 nomatch,29,4.170507061154973,8.243510951538576
co2a0000384,alcoholic,TP7,S1 obj,49,4.491976496412014,10.351349102098045
co2a0000384,alcoholic,TP7,S2 nomatch,29,2.0495636940165105,3.5765036885371844
co2a0000384,alcoholic,TP8,S1 obj,49,1.8529563108504792,3.175889629207015
co2a0000384,alcoholic,TP8,S2 nomatch,29,3.0971704604017787,3.4210577900203174
co2a0000385,alcoholic,P7,S1 obj,39,5.409068636206755,5.394311885839386
co2a0000385,alcoholic,P7,S2 nomatch,14,3.2917390699738256,2.363251304288509
co2a0000385,alcoholic,P8,S1 obj,39,4.224915994895018,5.743231892579862
co2a0000385,alcoholic,P8,S2 nomatch,14,3.307909826908508,5.953403163089815
co2a0000385,alcoholic,PO7,S1 obj,39,4.71577251038603,5.767296623717207
co2a0000385,alcoholic,PO7,S2 nomatch,14,4.581384448125555,7.553314523963851
co2a0000385,alcoholic,PO8,S1 obj,39,6.118579576849697,7.640766202482372
co2a0000385,alcoholic,PO8,S2 nomatch,14,6.019697903165013,8.524656315855868
co2a0000385,alcoholic,T7,S1 obj,39,1.276077915872625,8.459378746027433
co2a0000385,alcoholic,T7,S2 nomatch,14,0.867698953271649,1.8069209880082537
co2a0000385,alcoholic,T8,S1 obj,39,2.946489131252414,6.379737032230463
co2a0000385,alcoholic,T8,S2 nomatch,14,1.1740267047827304,2.5215665992171226
co2a0000385,alcoholic,TP7,S1 obj,39,2.608895871303973,12.535430446890388
co2a0000385,alcoholic,TP7,S2 nomatch,14,1.3248319132380417,3.4080776303037212
co2a0000385,alcoholic,TP8,S1 obj,39,1.8326313391415847,5.191278095938334
co2a0000385,alcoholic,TP8,S2 nomatch,14,1.3648294364059557,4.413075338950099
co2a0000386,alcoholic,P7,S1 obj,35,1.2621385019390507,1.3496293046147232
co2a0000386,alcoholic,P7,S2 nomatch,17,1.779419333068109,3.437093013302866
co2a0000386,alcoholic,P8,S1 obj,35,1.5744319478302793,1.7399183785568795
co2a0000386,alcoholic,P8,S2 nomatch,17,2.516950714581476,8.613916343231796
co2a0000386,alcoholic,PO7,S1 obj,35,1.860699722007796,4.093111214155789
co2a0000386,alcoholic,PO7,S2 nomatch,17,2.560821012190738,8.886060881788172
co2a0000386,alcoholic,PO8,S1 obj,35,2.0873856737523506,2.094382844083217
co2a0000386,alcoholic,PO8,S2 nomatch,17,3.784674127760539,12.093038689083839
co2a0000386,alcoholic,T7,S1 obj,35,1.7642002162911858,3.5925017524357847
co2a0000386,alcoholic,T7,S2 nomatch,17,3.241124003177934,5.698649120104606
co2a0000386,alcoholic,T8,S1 obj,35,1.3160862337473265,1.803241926958832
co2a0000386,alcoholic,T8,S2 nomatch,17,0.7377460531207681,1.4494819091013929
co2a0000386,alcoholic,TP7,S1 obj,35,1.9766759279787152,2.0693719515203455
co2a0000386,alcoholic,TP7,S2 nomatch,17,0.7594848193343154,7.189820949651778
co2a0000386,alcoholic,TP8,S1 obj,35,1.4217214413756563,2.9934289956861067
co2a0000386,alcoholic,TP8,S2 nomatch,17,1.1229243458699965,4.236719868239354
co2a0000390,alcoholic,P7,S1 obj,51,2.83968756940912,4.1290829951637456
co2a0000390,alcoholic,P7,S2 nomatch,26,2.7058194026810902,9.478824403357192
co2a0000390,alcoholic,P8,S1 obj,51,6.132394191299616,2.774186936818119
co2a0000390,alcoholic,P8,S2 nomatch,26,5.320597560372567,8.00899232786823
co2a0000390,alcoholic,PO7,S1 obj,51,4.739883143364125,6.628409460271465
co2a0000390,alcoholic,PO7,S2 nomatch,26,4.338318687251753,15.467641401296008
co2a0000390,alcoholic,PO8,S1 obj,51,5.566931148932013,2.7556479848478834
co2a0000390,alcoholic,PO8,S2 nomatch,26,4.76168978255706,8.443279138026737
co2a0000390,alcoholic,T7,S1 obj,51,2.853831767570013,15.7050968920783
co2a0000390,alcoholic,T7,S2 nomatch,26,1.9086059712129608,2.280872280999733
co2a0000390,alcoholic,T8,S1 obj,51,2.3200338941796144,5.675546264598038
co2a0000390,alcoholic,T8,S2 nomatch,26,3.165899789678595,7.001194818396458
co2a0000390,alcoholic,TP7,S1 obj,51,2.8284016429483207,12.973972953084747
co2a0000390,alcoholic,TP7,S2 nomatch,26,1.9243398339752913,1.2720514899221307
co2a0000390,alcoholic,TP8,S1 obj,51,3.7075835017490597,1.8245568405470136
co2a0000390,alcoholic,TP8,S2 nomatch,26,2.6983211741745095,6.1428930400354576
co2a0000392,alcoholic,P7,S1 obj,42,2.925873963425613,1.8807339468531503
co2a0000392,alcoholic,P7,S2 nomatch,26,4.201316702132316,9.762014641466225
co2a0000392,alcoholic,P8,S1 obj,42,5.237604026046188,1.4024663250313705
co2a0000392,alcoholic,P8,S2 nomatch,26,2.281831032444212,12.56083809736887
co2a0000392,alcoholic,PO7,S1 obj,42,5.397074232351436,5.895529707869651
co2a0000392,alcoholic,PO7,S2 nomatch,26,1.6440663426105147,8.079351994323014
co2a0000392,alcoholic,PO8,S1 obj,42,8.133622775786966,1.8156822264551025
co2a0000392,alcoholic,PO8,S2 nomatch,26,2.787091714403308,4.192142702651852
co2a0000392,alcoholic,T7,S1 obj,42,4.2159400773217595,9.438509546172352
co2a0000392,alcoholic,T7,S2 nomatch,26,2.5636938028751795,4.318554680581747
co2a0000392,alcoholic,T8,S1 obj,42,2.6753899556456715,7.2595362439710325
co2a0000392,alcoholic,T8,S2 nomatch,26,3.4528705080774134,6.0389799493195016
co2a0000392,alcoholic,TP7,S1 obj,42,2.7035726115822722,4.765374491416289
co2a0000392,alcoholic,TP7,S2 nomatch,26,1.98821874528071,7.453581913323936
co2a0000392,alcoholic,TP8,S1 obj,42,3.8782704795397174,3.2942159193544853
co2a0000392,alcoholic,TP8,S2 nomatch,26,2.3631146141550925,11.016333979482264
co2a0000395,alcoholic,P7,S1 obj,46,2.5087413945711967,4.023574047701189
co2a0000395,alcoholic,P7,S2 nomatch,28,1.7879332520985198,6.5704786765148535
co2a0000395,alcoholic,P8,S1 obj,46,6.729327300559173,7.115078045710783
co2a0000395,alcoholic,P8,S2 nomatch,28,3.3065085876608653,16.267175923058293
co2a0000395,alcoholic,PO7,S1 obj,46,8.977685572170884,12.993444987514856
co2a0000395,alcoholic,PO7,S2 nomatch,28,3.3226420907706453,3.4274079161503077
co2a0000395,alcoholic,PO8,S1 obj,46,11.28541693362075,7.964936106019441
co2a0000395,alcoholic,PO8,S2 nomatch,28,4.6074326208813075,13.249471867986895
co2a0000395,alcoholic,T7,S1 obj,46,1.2632442554072616,6.577282757847419
co2a0000395,alcoholic,T7,S2 nomatch,28,0.8168104881963574,6.777072956253754
co2a0000395,alcoholic,T8,S1 obj,46,1.1466478128047177,6.958875967136148
co2a0000395,alcoholic,T8,S2 nomatch,28,2.4146239708040755,3.7789179576114336
co2a0000395,alcoholic,TP7,S1 obj,46,1.9328295218884133,6.263092289098836
co2a0000395,alcoholic,TP7,S2 nomatch,28,1.2239688297005027,3.3957491865561082
co2a0000395,alcoholic,TP8,S1 obj,46,3.0774924033247104,5.52490561340552
co2a0000395,alcoholic,TP8,S2 nomatch,28,1.8711420059208361,2.5682517572728583
co2a0000396,alcoholic,P7,S1 obj,42,1.6781204612736906,1.9359068087097373
co2a0000396,alcoholic,P7,S2 nomatch,21,3.166552967825905,7.403972883074239
co2a0000396,alcoholic,P8,S1 obj,42,3.371024581295337,3.018587883485873
co2a0000396,alcoholic,P8,S2 nomatch,21,6.2090571814061635,6.430546098122355
co2a0000396,alcoholic,PO7,S1 obj,42,3.316774665759591,8.9787301216052
co2a0000396,alcoholic,PO7,S2 nomatch,21,2.515756799806753,6.964482503657949
co2a0000396,alcoholic,PO8,S1 obj,42,3.442948735863565,9.207416101956895
co2a0000396,alcoholic,PO8,S2 nomatch,21,2.50775721035702,6.672351157845153
co2a0000396,alcoholic,T7,S1 obj,42,4.190077888134126,13.74698293410497
co2a0000396,alcoholic,T7,S2 nomatch,21,5.13563625007374,4.674517865690746
co2a0000396,alcoholic,T8,S1 obj,42,3.655479267567044,3.1162269401214306
co2a0000396,alcoholic,T8,S2 nomatch,21,10.599522937462634,4.086357615515806
co2a0000396,alcoholic,TP7,S1 obj,42,2.383030110325169,7.132309288293459
co2a0000396,alcoholic,TP7,S2 nomatch,21,4.041840724916074,10.022350865679792
co2a0000396,alcoholic,TP8,S1 obj,42,3.132249483813265,3.0856963918602034
co2a0000396,alcoholic,TP8,S2 nomatch,21,8.755313626773942,2.8778274617101722
co2a0000400,alcoholic,P7,S1 obj,39,3.4924511001101486,9.515639868230773
co2a0000400,alcoholic,P7,S2 nomatch,15,3.2271205212238607,5.453914911565652
co2a0000400,alcoholic,P8,S1 obj,40,4.594744787461409,8.992088358949516
co2a0000400,alcoholic,P8,S2 nomatch,15,5.700393344208809,7.683334240750648
co2a0000400,alcoholic,PO7,S1 obj,40,3.5552356783519183,5.508471160091594
co2a0000400,alcoholic,PO7,S2 nomatch,15,3.8760909111831614,10.379382524800205
co2a0000400,alcoholic,PO8,S1 obj,40,5.510322946792919,6.821052048525284
co2a0000400,alcoholic,PO8,S2 nomatch,15,6.698168298589572,8.717197490722814
co2a0000400,alcoholic,T7,S1 obj,39,1.188150871908569,1.7489681321948194
co2a0000400,alcoholic,T7,S2 nomatch,15,5.687757162095079,2.1321632508898287
co2a0000400,alcoholic,T8,S1 obj,40,1.7225634331373798,16.82004903779339
co2a0000400,alcoholic,T8,S2 nomatch,15,3.6165611064980134,12.799198800588993
co2a0000400,alcoholic,TP7,S1 obj,39,1.3320917061567459,5.683074025924103
co2a0000400,alcoholic,TP7,S2 nomatch,15,4.1596163402521835,2.561196395993701
co2a0000400,alcoholic,TP8,S1 obj,40,4.247356563261285,11.010463664522394
co2a0000400,alcoholic,TP8,S2 nomatch,15,3.381692826491911,8.885797729344539
co2a0000402,alcoholic,P7,S1 obj,50,8.789130859239028,31.612277258873455
co2a0000402,alcoholic,P7,S2 nomatch,16,1.77658298120563,4.720964347380065
co2a0000402,alcoholic,P8,S1 obj,50,3.869371339552863,8.856716619022677
co2a0000402,alcoholic,P8,S2 nomatch,16,1.9159713442896924,5.515043893175411
co2a0000402,alcoholic,PO7,S1 obj,50,3.5284772988999955,18.67995333731675
co2a0000402,alcoholic,PO7,S2 nomatch,16,1.1445869524518184,0.8800560939768979
co2a0000402,alcoholic,PO8,S1 obj,50,7.598487571922083,12.671829111597212
co2a0000402,alcoholic,PO8,S2 nomatch,16,2.346507821579671,15.606432057337878
co2a0000402,alcoholic,T7,S1 obj,50,3.9394821060648777,14.837174809697272
co2a0000402,alcoholic,T7,S2 nomatch,16,1.5870757109530278,3.873958875111644
co2a0000402,alcoholic,T8,S1 obj,50,2.1666059453972046,3.9599435472555125
co2a0000402,alcoholic,T8,S2 nomatch,16,1.289296887803572,6.025525663252983
co2a0000402,alcoholic,TP7,S1 obj,50,5.171064885849104,23.03129816730607
co2a0000402,alcoholic,TP7,S2 nomatch,16,1.6194313524177393,5.402748816382376
co2a0000402,alcoholic,TP8,S1 obj,50,2.2300841265261138,6.490636423547179
co2a0000402,alcoholic,TP8,S2 nomatch,16,2.397080250210279,7.423066560018463
co2a0000403,alcoholic,P7,S1 obj,46,12.254346505291892,15.406879576456136
co2a0000403,alcoholic,P7,S2 nomatch,24,4.153206260859808,22.211666473035923
co2a0000403,alcoholic,P8,S1 obj,46,20.048258225062305,20.859669395707677
co2a0000403,alcoholic,P8,S2 nomatch,24,6.208565733742806,3.4928535967984753
co2a0000403,alcoholic,PO7,S1 obj,46,15.8033036309469,25.10333889765197
co2a0000403,alcoholic,PO7,S2 nomatch,24,2.914536813327937,7.31660269866839
co2a0000403,alcoholic,PO8,S1 obj,46,34.99100371124407,28.775140030111206
co2a0000403,alcoholic,PO8,S2 nomatch,24,5.846797563607549,7.170923823445357
co2a0000403,alcoholic,T7,S1 obj,46,11.857521705744583,12.841492240553155
co2a0000403,alcoholic,T7,S2 nomatch,24,6.592955998138575,7.982053781506719
co2a0000403,alcoholic,T8,S1 obj,46,3.0558082912861706,15.808475049604427
co2a0000403,alcoholic,T8,S2 nomatch,24,10.70870832886077,9.236069115836887
co2a0000403,alcoholic,TP7,S1 obj,46,8.133145318230692,8.708795837976787
co2a0000403,alcoholic,TP7,S2 nomatch,24,5.360776564032252,45.50365419560431
co2a0000403,alcoholic,TP8,S1 obj,46,4.6580092456916145,7.895642656137477
co2a0000403,alcoholic,TP8,S2 nomatch,24,8.124572723351175,21.082336129623304
co2a0000404,alcoholic,P7,S1 obj,54,22.588209775910403,12.941906744990183
co2a0000404,alcoholic,P7,S2 nomatch,16,3.316170213499711,31.487034117563283
co2a0000404,alcoholic,P8,S1 obj,54,26.1965321575983,28.80032557019057
co2a0000404,alcoholic,P8,S2 nomatch,16,17.06661113315313,19.70573974857325
co2a0000404,alcoholic,PO7,S1 obj,54,13.385984902526278,13.403945435691647
co2a0000404,alcoholic,PO7,S2 nomatch,16,4.959750274892846,22.596284354365338
co2a0000404,alcoholic,PO8,S1 obj,54,27.592353111156317,17.004121732615637
co2a0000404,alcoholic,PO8,S2 nomatch,16,11.03981027687015,10.079058527360692
co2a0000404,alcoholic,T7,S1 obj,54,6.54229879168012,4.8109927696015475
co2a0000404,alcoholic,T7,S2 nomatch,16,3.9616103322454017,13.87779004633645
co2a0000404,alcoholic,T8,S1 obj,54,5.164726234934498,14.576999113772363
co2a0000404,alcoholic,T8,S2 nomatch,16,5.768108312399287,7.681735912486575
co2a0000404,alcoholic,TP7,S1 obj,54,15.43320323984177,7.292224873358473
co2a0000404,alcoholic,TP7,S2 nomatch,16,3.388980598690523,17.204015125899424
co2a0000404,alcoholic,TP8,S1 obj,54,10.21822269998757,16.034997945742763
co2a0000404,alcoholic,TP8,S2 nomatch,16,10.026904304640322,12.486340204413366
co2a0000409,alcoholic,P7,S1 obj,52,5.010631274747554,1.9922140568450872
co2a0000409,alcoholic,P7,S2 nomatch,28,11.49074887330937,14.348050286295415
co2a0000409,alcoholic,P8,S1 obj,52,4.522167176318431,5.926949647809247
co2a0000409,alcoholic,P8,S2 nomatch,28,34.29367116315254,31.068153258302377
co2a0000409,alcoholic,PO7,S1 obj,52,8.461458899658087,2.9235669749484035
co2a0000409,alcoholic,PO7,S2 nomatch,28,7.73751909842188,11.648967476242087
co2a0000409,alcoholic,PO8,S1 obj,52,4.421798008539214,6.229476891185559
co2a0000409,alcoholic,PO8,S2 nomatch,28,20.887470887263316,35.63872063376715
co2a0000409,alcoholic,T7,S1 obj,52,2.1309431613391343,4.367641787642964
co2a0000409,alcoholic,T7,S2 nomatch,28,6.294674442505635,15.30489024998086
co2a0000409,alcoholic,T8,S1 obj,52,2.359997703596018,15.963535496977565
co2a0000409,alcoholic,T8,S2 nomatch,28,27.63395160963289,21.124798787718447
co2a0000409,alcoholic,TP7,S1 obj,52,1.7990857203978803,13.628740865834096
co2a0000409,alcoholic,TP7,S2 nomatch,28,24.974013053884974,36.07442492417905
co2a0000409,alcoholic,TP8,S1 obj,52,4.2446175990961805,7.419721263818332
co2a0000409,alcoholic,TP8,S2 nomatch,28,28.252536609539703,32.44860586384343
co2a0000410,alcoholic,P7,S1 obj,56,11.425373911556623,10.794106361157109
co2a0000410,alcoholic,P7,S2 nomatch,24,1.6576891553842656,2.8220950996674583
co2a0000410,alcoholic,P8,S1 obj,56,14.353366309435666,16.43288629929865
co2a0000410,alcoholic,P8,S2 nomatch,24,3.236051204450643,4.641538723310942
co2a0000410,alcoholic,PO7,S1 obj,56,23.249040526628235,25.342411674126446
co2a0000410,alcoholic,PO7,S2 nomatch,24,1.5922382841328377,1.5072609594843207
co2a0000410,alcoholic,PO8,S1 obj,56,32.41494635172565,43.68933994775673
co2a0000410,alcoholic,PO8,S2 nomatch,24,4.084156379539307,22.46601252411207
co2a0000410,alcoholic,T7,S1 obj,56,0.870192967956436,
co2a0000410,alcoholic,T7,S2 nomatch,24,3.3181407140102404,4.963616969060053
co2a0000410,alcoholic,T8,S1 obj,56,2.788126294871956,7.014050869067217
co2a0000410,alcoholic,T8,S2 nomatch,24,1.8744095285082438,8.924633381355541
co2a0000410,alcoholic,TP7,S1 obj,56,4.4191033645500655,17.46690053014389
co2a0000410,alcoholic,TP7,S2 nomatch,24,1.5523186378166391,7.896733715482192
co2a0000410,alcoholic,TP8,S1 obj,56,4.999740138151687,17.798396322445626
co2a0000410,alcoholic,TP8,S2 nomatch,24,1.821228268522238,9.930309223444896
co2a0000412,alcoholic,P7,S1 obj,52,6.005529874424443,7.098092920858704
co2a0000412,alcoholic,P7,S2 nomatch,20,4.013790737153525,11.491390032105507
co2a0000412,alcoholic,P8,S1 obj,52,12.63617461164508,12.512015665600261
co2a0000412,alcoholic,P8,S2 nomatch,20,10.039238209421049,11.33825363882842
co2a0000412,alcoholic,PO7,S1 obj,52,6.407091682587782,5.993172577495174
co2a0000412,alcoholic,PO7,S2 nomatch,20,5.128276752960101,13.875729705792596
co2a0000412,alcoholic,PO8,S1 obj,52,7.437953506750977,5.130135759474865
co2a0000412,alcoholic,PO8,S2 nomatch,20,8.613378492223998,11.265590844105956
co2a0000412,alcoholic,T7,S1 obj,52,5.962582635531524,6.99421648602276
co2a0000412,alcoholic,T7,S2 nomatch,20,2.120439431427741,8.371513066926445
co2a0000412,alcoholic,T8,S1 obj,52,17.04950526733534,19.848251771414223
co2a0000412,alcoholic,T8,S2 nomatch,20,3.342788498584904,3.9098000326509963
co2a0000412,alcoholic,TP7,S1 obj,52,5.524643288140176,8.335628289499041
co2a0000412,alcoholic,TP7,S2 nomatch,20,2.7340334999800513,7.873316636767064
co2a0000412,alcoholic,TP8,S1 obj,52,13.022015230153361,20.54181765597409
co2a0000412,alcoholic,TP8,S2 nomatch,20,8.435076705096707,8.97824255363874
co2a0000414,alcoholic,P7,S1 obj,56,10.300059686173284,9.755826014568823
co2a0000414,alcoholic,P7,S2 nomatch,29,9.957144392738801,20.609431558981
co2a0000414,alcoholic,P8,S1 obj,56,13.688669735910118,7.801508544551215
co2a0000414,alcoholic,P8,S2 nomatch,29,5.807953470869822,28.878693003117537
co2a0000414,alcoholic,PO7,S1 obj,56,12.495408441268998,5.604881626787491
co2a0000414,alcoholic,PO7,S2 nomatch,29,2.9653804550821583,20.071094613504602
co2a0000414,alcoholic,PO8,S1 obj,56,14.171227884701278,4.539324801879423
co2a0000414,alcoholic,PO8,S2 nomatch,29,6.488001559492907,25.943813992174146
co2a0000414,alcoholic,T7,S1 obj,56,6.268203509233837,12.353245659287282
co2a0000414,alcoholic,T7,S2 nomatch,29,5.125272141852752,5.538349776481421
co2a0000414,alcoholic,T8,S1 obj,56,5.086096649180827,4.257474342329931
co2a0000414,alcoholic,T8,S2 nomatch,29,2.101512439763457,15.429883340394245
co2a0000414,alcoholic,TP7,S1 obj,56,9.613707412209301,12.912860714902346
co2a0000414,alcoholic,TP7,S2 nomatch,29,5.782801637818094,5.120823401018872
co2a0000414,alcoholic,TP8,S1 obj,56,9.791299642921793,5.105440439430307
co2a0000414,alcoholic,TP8,S2 nomatch,29,3.212764877153223,6.319593907030475
co2a0000415,alcoholic,P7,S1 obj,50,13.431429789556697,23.621638559440367
co2a0000415,alcoholic,P7,S2 nomatch,14,8.065088099323852,10.891152520935835
co2a0000415,alcoholic,P8,S1 obj,50,14.083405688257207,12.685729995044264
co2a0000415,alcoholic,P8,S2 nomatch,14,6.105139948750185,15.214384056535408
co2a0000415,alcoholic,PO7,S1 obj,50,8.386570605710574,11.752556076518141
co2a0000415,alcoholic,PO7,S2 nomatch,14,4.687618854408249,8.83109977691606
co2a0000415,alcoholic,PO8,S1 obj,50,15.241322119356072,9.366283232077267
co2a0000415,alcoholic,PO8,S2 nomatch,14,2.6799729611906487,5.6837455275420945
co2a0000415,alcoholic,T7,S1 obj,50,4.398987176083072,4.120155745920756
co2a0000415,alcoholic,T7,S2 nomatch,14,13.368034958662655,14.238088554798809
co2a0000415,alcoholic,T8,S1 obj,50,6.40705135494091,4.075025313202773
co2a0000415,alcoholic,T8,S2 nomatch,14,6.982223891096052,3.769565400924567
co2a0000415,alcoholic,TP7,S1 obj,50,8.286903811123816,16.703207467878592
co2a0000415,alcoholic,TP7,S2 nomatch,14,6.540677658454518,10.195227075329868
co2a0000415,alcoholic,TP8,S1 obj,50,8.38647989424928,13.247127069859674
co2a0000415,alcoholic,TP8,S2 nomatch,14,6.236240586005941,13.983206849297947
co2a0000419,alcoholic,P7,S1 obj,56,3.118299426967055,8.122828204064096
co2a0000419,alcoholic,P7,S2 nomatch,28,1.8243654011920811,3.8713601128998514
co2a0000419,alcoholic,P8,S1 obj,57,3.224220778636912,2.2679048595986435
co2a0000419,alcoholic,P8,S2 nomatch,29,5.674607082224921,16.698903468643675
co2a0000419,alcoholic,PO7,S1 obj,55,3.4749328459699336,7.254546085888836
co2a0000419,alcoholic,PO7,S2 nomatch,28,2.111758206220193,3.6382697589913153
co2a0000419,alcoholic,PO8,S1 obj,57,3.685277882375777,3.064350143569072
co2a0000419,alcoholic,PO8,S2 nomatch,29,4.883975764653743,6.440016284848157
co2a0000419,alcoholic,T7,S1 obj,57,0.9671185107335569,8.7360272769243
co2a0000419,alcoholic,T7,S2 nomatch,29,3.397363491363361,12.74914371633803
co2a0000419,alcoholic,T8,S1 obj,57,3.060421475577957,12.017977737546936
co2a0000419,alcoholic,T8,S2 nomatch,29,4.371811673799494,20.576456451166614
co2a0000419,alcoholic,TP7,S1 obj,57,1.3378726133631649,9.272809654425652
co2a0000419,alcoholic,TP7,S2 nomatch,29,2.4678742375099136,12.596916916239387
co2a0000419,alcoholic,TP8,S1 obj,57,2.847873873922888,12.015850986173303
co2a0000419,alcoholic,TP8,S2 nomatch,29,3.4563389945412166,16.145090287564873
co2a0000421,alcoholic,P7,S1 obj,49,4.340762581660032,11.719955791486724
co2a0000421,alcoholic,P7,S2 nomatch,24,1.3432494977460696,1.8925514385802762
co2a0000421,alcoholic,P8,S1 obj,49,7.174508612363511,8.27033492928403
co2a0000421,alcoholic,P8,S2 nomatch,24,4.413753989508173,9.353443255052762
co2a0000421,alcoholic,PO7,S1 obj,49,5.684485624762153,9.095016942328257
co2a0000421,alcoholic,PO7,S2 nomatch,24,2.427024971557047,4.143262533669903
co2a0000421,alcoholic,PO8,S1 obj,49,7.7397303301836375,11.448208496489952
co2a0000421,alcoholic,PO8,S2 nomatch,24,5.585454176998336,7.375430217533927
co2a0000421,alcoholic,T7,S1 obj,49,1.9562089202500703,23.74708638437635
co2a0000421,alcoholic,T7,S2 nomatch,24,0.6295737057124056,1.509065000894962
co2a0000421,alcoholic,T8,S1 obj,49,2.284907202533771,7.871635962391112
co2a0000421,alcoholic,T8,S2 nomatch,24,5.895721732060644,8.173222025762183
co2a0000421,alcoholic,TP7,S1 obj,49,2.419885936322607,30.527783485045333
co2a0000421,alcoholic,TP7,S2 nomatch,24,0.942947355060803,1.2588978540552027
co2a0000421,alcoholic,TP8,S1 obj,49,3.897552814708245,14.281276748720096
co2a0000421,alcoholic,TP8,S2 nomatch,24,4.718554331793411,10.985970977293714
co2a0000422,alcoholic,P7,S1 obj,22,3.43629585209334,10.898734475178388
co2a0000422,alcoholic,P7,S2 nomatch,27,4.741421724960235,2.075146621096805
co2a0000422,alcoholic,P8,S1 obj,22,3.5564214216927628,8.915859865771177
co2a0000422,alcoholic,P8,S2 nomatch,27,1.7573366823649852,6.8306602287189575
co2a0000422,alcoholic,PO7,S1 obj,22,1.5838097147830716,4.158642377373112
co2a0000422,alcoholic,PO7,S2 nomatch,27,2.7690681015273904,4.933644589239101
co2a0000422,alcoholic,PO8,S1 obj,22,3.950039035021501,4.435635227698415
co2a0000422,alcoholic,PO8,S2 nomatch,27,2.731820093189219,8.560854789687477
co2a0000422,alcoholic,T7,S1 obj,22,2.91836134276826,3.8093787173793934
co2a0000422,alcoholic,T7,S2 nomatch,27,7.145975720897052,3.7693028768076693
co2a0000422,alcoholic,T8,S1 obj,22,2.4834063501008736,3.4295577241289874
co2a0000422,alcoholic,T8,S2 nomatch,27,18.404620005763864,4.980492451914121
co2a0000422,alcoholic,TP7,S1 obj,22,2.32521512753162,4.363202922913158
co2a0000422,alcoholic,TP7,S2 nomatch,27,3.8184892264354198,1.8459604194244317
co2a0000422,alcoholic,TP8,S1 obj,22,4.407053962942363,8.279978486021635
co2a0000422,alcoholic,TP8,S2 nomatch,27,3.518375396148159,6.38281795760001
co2a0000423,alcoholic,P7,S1 obj,35,6.3133352921657275,8.063510199956115
co2a0000423,alcoholic,P7,S2 nomatch,23,4.531334613175316,2.5784148630211106
co2a0000423,alcoholic,P8,S1 obj,35,5.803144444401088,13.374938172418746
co2a0000423,alcoholic,P8,S2 nomatch,23,9.286449697803098,2.894698855537588
co2a0000423,alcoholic,PO7,S1 obj,35,6.930623256045538,7.93103790287935
co2a0000423,alcoholic,PO7,S2 nomatch,23,4.304501465237708,1.8099168215986714
co2a0000423,alcoholic,PO8,S1 obj,35,6.459902846901095,15.256500588479133
co2a0000423,alcoholic,PO8,S2 nomatch,23,8.229418500269716,5.614921478071859
co2a0000423,alcoholic,T7,S1 obj,35,2.321790528714581,1.2512383629609953
co2a0000423,alcoholic,T7,S2 nomatch,23,3.7784805755277646,5.005608076776266
co2a0000423,alcoholic,T8,S1 obj,35,2.9583541209171442,10.727793207211407
co2a0000423,alcoholic,T8,S2 nomatch,23,5.427625920471439,6.742170389721957
co2a0000423,alcoholic,TP7,S1 obj,35,3.3698226322831903,4.93149512599025
co2a0000423,alcoholic,TP7,S2 nomatch,23,4.14002824857334,3.363910299070653
co2a0000423,alcoholic,TP8,S1 obj,35,4.336888023779113,13.52915287726763
co2a0000423,alcoholic,TP8,S2 nomatch,23,7.784439947009777,2.8564935223801164
co2a0000424,alcoholic,P7,S1 obj,43,5.673684008202479,5.541949060559664
co2a0000424,alcoholic,P7,S2 nomatch,29,6.351259218543217,3.692666879741067
co2a0000424,alcoholic,P8,S1 obj,43,5.615207027302776,6.064110997952173
co2a0000424,alcoholic,P8,S2 nomatch,29,2.350850816992551,2.803034722568169
co2a0000424,alcoholic,PO7,S1 obj,43,6.2205700485046505,6.535613699368609
co2a0000424,alcoholic,PO7,S2 nomatch,29,8.637840614835333,6.051852803063844
co2a0000424,alcoholic,PO8,S1 obj,43,5.876885608024179,6.433295084655891
co2a0000424,alcoholic,PO8,S2 nomatch,29,3.5459187903493534,3.921418691234289
co2a0000424,alcoholic,T7,S1 obj,43,1.0440458790664633,9.399925472370347
co2a0000424,alcoholic,T7,S2 nomatch,29,12.267356042278676,12.542570582324347
co2a0000424,alcoholic,T8,S1 obj,43,2.1372373744050854,8.279766608560356
co2a0000424,alcoholic,T8,S2 nomatch,29,2.5868726841055305,2.852360097662332
co2a0000424,alcoholic,TP7,S1 obj,43,1.5438847034851868,4.086222857499465
co2a0000424,alcoholic,TP7,S2 nomatch,29,8.876077181685314,8.314333611432245
co2a0000424,alcoholic,TP8,S1 obj,43,2.9061248336966505,5.442636407482116
co2a0000424,alcoholic,TP8,S2 nomatch,29,2.3993167849470654,2.552717063944174
co2a0000425,alcoholic,P7,S1 obj,7,1.546715201799926,1.8196853318563528
co2a0000425,alcoholic,P7,S2 nomatch,10,1.646727078807731,1.9574025840829787
co2a0000425,alcoholic,P8,S1 obj,7,1.8515416978178996,4.3235620111199
co2a0000425,alcoholic,P8,S2 nomatch,10,1.9847058400926698,2.889268759775973
co2a0000425,alcoholic,PO7,S1 obj,7,0.9952627525233722,0.8973957902274718
co2a0000425,alcoholic,PO7,S2 nomatch,10,1.8096640999787215,1.7045676134475765
co2a0000425,alcoholic,PO8,S1 obj,7,2.022606082502029,4.710867819772373
co2a0000425,alcoholic,PO8,S2 nomatch,10,1.6235057059070568,4.041814041441512
co2a0000425,alcoholic,T7,S1 obj,7,0.8490718063150916,1.096856211740322
co2a0000425,alcoholic,T7,S2 nomatch,10,1.0114152418018856,3.343073462236014
co2a0000425,alcoholic,T8,S1 obj,7,1.360182827169979,1.466221144388387
co2a0000425,alcoholic,T8,S2 nomatch,10,0.5389821768909695,1.7036177072164405
co2a0000425,alcoholic,TP7,S1 obj,7,1.355964971389972,1.8610212525267573
co2a0000425,alcoholic,TP7,S2 nomatch,10,1.427806009609794,1.8001772067476505
co2a0000425,alcoholic,TP8,S1 obj,7,0.7457166766677692,1.1354385549597346
co2a0000425,alcoholic,TP8,S2 nomatch,10,1.1109989392667348,1.4217478308077183
co2a0000428,alcoholic,P7,S1 obj,39,4.379406399644414,3.9440160537145266
co2a0000428,alcoholic,P7,S2 nomatch,20,2.30335494706165,8.150270381444106
co2a0000428,alcoholic,P8,S1 obj,39,4.445938758506873,7.4079227864687756
co2a0000428,alcoholic,P8,S2 nomatch,20,2.940315402838918,12.362752752853485
co2a0000428,alcoholic,PO7,S1 obj,39,5.375007477793253,7.559962617501847
co2a0000428,alcoholic,PO7,S2 nomatch,20,2.5583130761396013,8.169549821901214
co2a0000428,alcoholic,PO8,S1 obj,39,4.511954778120046,8.850881297525078
co2a0000428,alcoholic,PO8,S2 nomatch,20,2.4665772190719495,12.621149412182396
co2a0000428,alcoholic,T7,S1 obj,39,1.157498960924032,4.471671901212399
co2a0000428,alcoholic,T7,S2 nomatch,20,3.3783987909282778,8.819104670500332
co2a0000428,alcoholic,T8,S1 obj,39,1.0687871230771002,4.116869380196266
co2a0000428,alcoholic,T8,S2 nomatch,20,4.70263704391336,7.28315074328847
co2a0000428,alcoholic,TP7,S1 obj,39,2.6710079701695255,3.749176061494519
co2a0000428,alcoholic,TP7,S2 nomatch,20,1.938746591531434,6.658068508290855
co2a0000428,alcoholic,TP8,S1 obj,39,2.211855840476993,4.344718417282009
co2a0000428,alcoholic,TP8,S2 nomatch,20,4.220773578872972,7.270175498141385
co2a0000429,alcoholic,P7,S1 obj,29,9.04554265515897,4.77041100749856
co2a0000429,alcoholic,P7,S2 nomatch,15,7.940635589440519,9.033143830104738
co2a0000429,alcoholic,P8,S1 obj,29,10.121554289956675,9.199693697384387
co2a0000429,alcoholic,P8,S2 nomatch,15,9.068761765083357,8.581111991076812
co2a0000429,alcoholic,PO7,S1 obj,29,8.361871559230831,6.428604856672039
co2a0000429,alcoholic,PO7,S2 nomatch,15,6.768526763814663,3.6930731745622785
co2a0000429,alcoholic,PO8,S1 obj,29,12.114901820785652,14.448058938647145
co2a0000429,alcoholic,PO8,S2 nomatch,15,9.316139680003204,5.013063984743542
co2a0000429,alcoholic,T7,S1 obj,29,3.023699786535822,9.881385254071262
co2a0000429,alcoholic,T7,S2 nomatch,15,2.849365298454182,9.007220873192457
co2a0000429,alcoholic,T8,S1 obj,29,4.861571121572244,9.056779977415637
co2a0000429,alcoholic,T8,S2 nomatch,15,4.496654181474397,18.004439756793317
co2a0000429,alcoholic,TP7,S1 obj,29,8.271544107805306,3.836180505617861
co2a0000429,alcoholic,TP7,S2 nomatch,15,4.5587500362933,8.78971400777502
co2a0000429,alcoholic,TP8,S1 obj,29,6.375874716173029,7.467017921182548
co2a0000429,alcoholic,TP8,S2 nomatch,15,6.798310962841271,11.677467763190732
co2a0000430,alcoholic,P7,S1 obj,55,21.15935932704233,23.027883105976528
co2a0000430,alcoholic,P7,S2 nomatch,27,10.725889986967436,8.46064802324652
co2a0000430,alcoholic,P8,S1 obj,55,24.066720473349278,54.26931372795959
co2a0000430,alcoholic,P8,S2 nomatch,27,9.481345626793852,33.567234381058334
co2a0000430,alcoholic,PO7,S1 obj,55,30.05647400569477,11.8928842408037
co2a0000430,alcoholic,PO7,S2 nomatch,27,11.960196325190793,17.664888632781352
co2a0000430,alcoholic,PO8,S1 obj,55,13.611523379365043,63.22837909855923
co2a0000430,alcoholic,PO8,S2 nomatch,27,5.39669483728408,14.861896195336177
co2a0000430,alcoholic,T7,S1 obj,55,3.1178904844151796,8.035152297273447
co2a0000430,alcoholic,T7,S2 nomatch,27,15.598988428716792,18.469150318557404
co2a0000430,alcoholic,T8,S1 obj,55,7.184193002905131,49.85179035763667
co2a0000430,alcoholic,T8,S2 nomatch,27,11.919917176081873,24.963950989795222
co2a0000430,alcoholic,TP7,S1 obj,55,4.264157322011182,21.45543468671702
co2a0000430,alcoholic,TP7,S2 nomatch,27,9.8034271400073,5.8434577080429495
co2a0000430,alcoholic,TP8,S1 obj,55,11.824675280625385,63.92999736772137
co2a0000430,alcoholic,TP8,S2 nomatch,27,10.554730432473814,36.65735253536486
co2a0000432,alcoholic,P7,S1 obj,52,9.958047710994057,12.232025177628806
co2a0000432,alcoholic,P7,S2 nomatch,23,0.9591235436312892,4.899062290205467
co2a0000432,alcoholic,P8,S1 obj,52,8.171642942642809,8.001243823889833
co2a0000432,alcoholic,P8,S2 nomatch,23,3.5865802090879018,12.832923977710035
co2a0000432,alcoholic,PO7,S1 obj,52,9.520058922895496,11.366470280013244
co2a0000432,alcoholic,PO7,S2 nomatch,23,1.4966441139853148,6.003791119523058
co2a0000432,alcoholic,PO8,S1 obj,52,8.35810271652952,7.670734459861583
co2a0000432,alcoholic,PO8,S2 nomatch,23,2.879993628770894,9.212277183630155
co2a0000432,alcoholic,T7,S1 obj,52,3.3174503924849668,17.940434395852833
co2a0000432,alcoholic,T7,S2 nomatch,23,2.747577571105057,6.55302050442463
co2a0000432,alcoholic,T8,S1 obj,52,6.489689724009758,4.762702264591419
co2a0000432,alcoholic,T8,S2 nomatch,23,1.896969461066108,6.612210316652928
co2a0000432,alcoholic,TP7,S1 obj,52,6.788588054569399,20.05511464516351
co2a0000432,alcoholic,TP7,S2 nomatch,23,1.2082154712043232,6.294101923340646
co2a0000432,alcoholic,TP8,S1 obj,52,5.836952824204498,3.555770269065879
co2a0000432,alcoholic,TP8,S2 nomatch,23,2.3713813142225284,6.72378065443511
co2a0000436,alcoholic,P7,S1 obj,52,5.711788040064667,3.199119427777251
co2a0000436,alcoholic,P7,S2 nomatch,29,5.118390370223128,4.563202904198132
co2a0000436,alcoholic,P8,S1 obj,52,12.776318382519737,13.26725456888435
co2a0000436,alcoholic,P8,S2 nomatch,29,24.369327050001495,32.193047150995795
co2a0000436,alcoholic,PO7,S1 obj,52,9.532579182282342,3.9427600215649155
co2a0000436,alcoholic,PO7,S2 nomatch,29,8.969057959647039,6.636577769104128
co2a0000436,alcoholic,PO8,S1 obj,52,11.478245415380472,14.141041680969899
co2a0000436,alcoholic,PO8,S2 nomatch,29,21.05149822542709,26.646978443163515
co2a0000436,alcoholic,T7,S1 obj,52,2.0261421885243034,15.148344204270394
co2a0000436,alcoholic,T7,S2 nomatch,29,1.6736093167157267,12.979660065934445
co2a0000436,alcoholic,T8,S1 obj,52,7.179567576403888,19.943394493856758
co2a0000436,alcoholic,T8,S2 nomatch,29,3.778476395371537,7.026714101402258
co2a0000436,alcoholic,TP7,S1 obj,52,3.887815330335991,5.832613837982371
co2a0000436,alcoholic,TP7,S2 nomatch,29,1.7010038952373245,8.21770908395933
co2a0000436,alcoholic,TP8,S1 obj,52,11.835115567506039,21.10590891260499
co2a0000436,alcoholic,TP8,S2 nomatch,29,13.13917228020054,24.146898346083475
co2a0000437,alcoholic,P7,S1 obj,53,1.5366610274083348,2.149879690953424
co2a0000437,alcoholic,P7,S2 nomatch,29,4.626566253298342,12.982317938378198
co2a0000437,alcoholic,P8,S1 obj,53,4.020703017929928,3.983423877831879
co2a0000437,alcoholic,P8,S2 nomatch,29,5.042992727782824,9.655622078531126
co2a0000437,alcoholic,PO7,S1 obj,53,2.752772591587022,4.989659332760997
co2a0000437,alcoholic,PO7,S2 nomatch,29,8.301984764632552,12.365571134336252
co2a0000437,alcoholic,PO8,S1 obj,53,3.6827565507321185,4.166660834290126
co2a0000437,alcoholic,PO8,S2 nomatch,29,6.879926297029193,12.98391079342727
co2a0000437,alcoholic,T7,S1 obj,53,0.8641757943283986,2.8104007828456505
co2a0000437,alcoholic,T7,S2 nomatch,29,2.797388265675829,12.921322281545217
co2a0000437,alcoholic,T8,S1 obj,53,4.819054828896797,7.044581561293009
co2a0000437,alcoholic,T8,S2 nomatch,29,4.31770754579632,16.276347498357918
co2a0000437,alcoholic,TP7,S1 obj,53,0.9443534888353188,1.7960807709702686
co2a0000437,alcoholic,TP7,S2 nomatch,29,2.9860295601111955,10.448192816702004
co2a0000437,alcoholic,TP8,S1 obj,53,4.540437007011226,5.551238868534016
co2a0000437,alcoholic,TP8,S2 nomatch,29,4.0682619748690705,7.16532535849164
co2a0000438,alcoholic,P7,S1 obj,54,8.098912975343996,14.803181440237406
co2a0000438,alcoholic,P7,S2 nomatch,23,1.638510324998029,2.544952942956816
co2a0000438,alcoholic,P8,S1 obj,54,8.789280384363842,34.19715770623586
co2a0000438,alcoholic,P8,S2 nomatch,23,3.472232284473675,14.937077041360151
co2a0000438,alcoholic,PO7,S1 obj,54,5.5846935378039255,14.212080491869614
co2a0000438,alcoholic,PO7,S2 nomatch,23,2.943444698826042,12.29416302072089
co2a0000438,alcoholic,PO8,S1 obj,54,27.43422336726303,37.139165780503795
co2a0000438,alcoholic,PO8,S2 nomatch,23,1.7278938928065353,3.4253283746122603
co2a0000438,alcoholic,T7,S1 obj,54,1.7607790932770915,3.643034151309813
co2a0000438,alcoholic,T7,S2 nomatch,23,5.553232204255474,12.14549623598608
co2a0000438,alcoholic,T8,S1 obj,54,3.094856643822154,7.232777590995054
co2a0000438,alcoholic,T8,S2 nomatch,23,4.885262956517997,13.015668029659535
co2a0000438,alcoholic,TP7,S1 obj,54,1.2730667449781334,3.076612258711111
co2a0000438,alcoholic,TP7,S2 nomatch,23,2.3654193380915585,4.363608254845522
co2a0000438,alcoholic,TP8,S1 obj,54,0.6739180362129259,1.6970820460619744
co2a0000438,alcoholic,TP8,S2 nomatch,23,0.881248474983084,2.227502495188616
co2a0000439,alcoholic,P7,S1 obj,48,2.863647237438433,15.571678517248618
co2a0000439,alcoholic,P7,S2 nomatch,26,4.843368940031061,15.498063373432124
co2a0000439,alcoholic,P8,S1 obj,48,8.808573546989116,14.345431556982017
co2a0000439,alcoholic,P8,S2 nomatch,26,12.481766025325607,8.958362501695243
co2a0000439,alcoholic,PO7,S1 obj,48,5.2168702275658125,10.087295108768815
co2a0000439,alcoholic,PO7,S2 nomatch,26,8.042075629655848,11.546128339054151
co2a0000439,alcoholic,PO8,S1 obj,48,9.637504359864584,14.711597512366021
co2a0000439,alcoholic,PO8,S2 nomatch,26,19.384526860042058,14.400555760992008
co2a0000439,alcoholic,T7,S1 obj,48,1.0034598349606216,5.96168623601503
co2a0000439,alcoholic,T7,S2 nomatch,26,2.4840319413564877,2.7687604429798296
co2a0000439,alcoholic,T8,S1 obj,48,2.7791767847022233,5.773162480651955
co2a0000439,alcoholic,T8,S2 nomatch,26,2.4381103123961934,5.589592541586937
co2a0000439,alcoholic,TP7,S1 obj,48,2.1067609875047113,18.367875175481267
co2a0000439,alcoholic,TP7,S2 nomatch,26,3.81566323351579,10.878392538903025
co2a0000439,alcoholic,TP8,S1 obj,48,3.8685499121553604,9.060025508951059
co2a0000439,alcoholic,TP8,S2 nomatch,26,5.714146981480113,3.8644822245876362
co2a0000440,alcoholic,P7,S1 obj,46,2.172707829144475,9.56888547625639
co2a0000440,alcoholic,P7,S2 nomatch,21,4.631582540065057,8.686465570457388
co2a0000440,alcoholic,P8,S1 obj,46,1.409484224058341,13.182240654009654
co2a0000440,alcoholic,P8,S2 nomatch,21,4.03896701836026,5.194866260643333
co2a0000440,alcoholic,PO7,S1 obj,46,1.5760242782087615,6.629385650591107
co2a0000440,alcoholic,PO7,S2 nomatch,21,4.095516424489172,3.5152809876190445
co2a0000440,alcoholic,PO8,S1 obj,46,1.2734010687824586,10.658181772059322
co2a0000440,alcoholic,PO8,S2 nomatch,21,3.72717408069902,4.368451109183218
co2a0000440,alcoholic,T7,S1 obj,46,3.5038412265861183,5.179247983431721
co2a0000440,alcoholic,T7,S2 nomatch,21,3.594066494906729,4.945656621277407
co2a0000440,alcoholic,T8,S1 obj,46,2.674030130384764,11.733455213544731
co2a0000440,alcoholic,T8,S2 nomatch,21,2.7100395411131366,4.960446090110895
co2a0000440,alcoholic,TP7,S1 obj,46,2.610171390180412,9.562191173875837
co2a0000440,alcoholic,TP7,S2 nomatch,21,4.726806378453958,4.843895197817486
co2a0000440,alcoholic,TP8,S1 obj,46,1.5832509048020742,2.414694364359461
co2a0000440,alcoholic,TP8,S2 nomatch,21,3.5698781372914734,5.552724607226643
co2a0000443,alcoholic,P7,S1 obj,44,4.031255817505288,6.209684004045873
co2a0000443,alcoholic,P7,S2 nomatch,15,0.715189592715258,4.05429129132744
co2a0000443,alcoholic,P8,S1 obj,44,11.178380819865005,11.681419887169262
co2a0000443,alcoholic,P8,S2 nomatch,15,5.275184689250435,6.782958527786239
co2a0000443,alcoholic,PO7,S1 obj,44,4.835094451201223,8.1328793232866
co2a0000443,alcoholic,PO7,S2 nomatch,15,0.9930842168949808,2.0498067595524856
co2a0000443,alcoholic,PO8,S1 obj,44,9.595607656134609,13.946680922134565
co2a0000443,alcoholic,PO8,S2 nomatch,15,4.918413832897642,7.2479406071601185
co2a0000443,alcoholic,T7,S1 obj,44,1.9654430182786773,14.396095909191434
co2a0000443,alcoholic,T7,S2 nomatch,15,0.9835055561416796,2.385279738751385
co2a0000443,alcoholic,T8,S1 obj,44,1.326012089287748,1.5934012991744142
co2a0000443,alcoholic,T8,S2 nomatch,15,5.681293108002692,4.393084691499679
co2a0000443,alcoholic,TP7,S1 obj,44,2.4613664850914345,6.158043733859872
co2a0000443,alcoholic,TP7,S2 nomatch,15,1.2117677417188069,1.747261147399504
co2a0000443,alcoholic,TP8,S1 obj,44,3.467842687962268,6.020270385243205
co2a0000443,alcoholic,TP8,S2 nomatch,15,8.758046195196997,10.462210429628568
co2c0000337,control,P7,S1 obj,40,6.114892725194237,17.653501927294332
co2c0000337,control,P7,S2 nomatch,15,2.3634314874002595,3.8096140032317987
co2c0000337,control,P8,S1 obj,40,3.2243377844795975,10.292084066232814
co2c0000337,control,P8,S2 nomatch,15,4.368282600243,11.21930776210464
co2c0000337,control,PO7,S1 obj,40,5.983533112136315,6.176477790145572
co2c0000337,control,PO7,S2 nomatch,15,2.2682912328004945,3.716818984032413
co2c0000337,control,PO8,S1 obj,40,4.431527558960396,6.401352864657501
co2c0000337,control,PO8,S2 nomatch,15,2.9577691433326256,2.2066991351266547
co2c0000337,control,T7,S1 obj,40,1.8677659513321458,9.799935899676674
co2c0000337,control,T7,S2 nomatch,15,1.9942407893414371,9.865648022819302
co2c0000337,control,T8,S1 obj,40,5.851394137136,13.031534162607121
co2c0000337,control,T8,S2 nomatch,15,2.7157069051816127,8.005253488918642
co2c0000337,control,TP7,S1 obj,40,3.0452130544569282,7.345283790881781
co2c0000337,control,TP7,S2 nomatch,15,1.5504648667084633,7.231915583477626
co2c0000337,control,TP8,S1 obj,40,2.493075638954531,16.387270617157206
co2c0000337,control,TP8,S2 nomatch,15,4.16425029244932,13.164047001535726
co2c0000338,control,P7,S1 obj,54,13.15497395580062,11.750849223945549
co2c0000338,control,P7,S2 nomatch,23,1.9367458024015274,5.041017572563732
co2c0000338,control,P8,S1 obj,54,20.807805282550316,16.600796282053388
co2c0000338,control,P8,S2 nomatch,23,2.5378616235609184,7.9178559562644635
co2c0000338,control,PO7,S1 obj,54,15.21101718139117,25.962444329222578
co2c0000338,control,PO7,S2 nomatch,22,1.2073358556741578,5.540187111057699
co2c0000338,control,PO8,S1 obj,54,13.999829248925195,17.966114257486236
co2c0000338,control,PO8,S2 nomatch,22,2.667313373792368,3.558001147562886
co2c0000338,control,T7,S1 obj,54,6.606548045112941,5.5768706750673
co2c0000338,control,T7,S2 nomatch,23,5.370689658914414,7.300492401052626
co2c0000338,control,T8,S1 obj,54,5.6752729132628446,4.03394027722546
co2c0000338,control,T8,S2 nomatch,23,3.458557202055704,5.0917573473251565
co2c0000338,control,TP7,S1 obj,54,10.28162471769168,10.266274324522465
co2c0000338,control,TP7,S2 nomatch,23,2.9254831472863687,9.42229512451669
co2c0000338,control,TP8,S1 obj,54,12.254247120376093,8.812097228263374
co2c0000338,control,TP8,S2 nomatch,23,2.515955511412481,10.993976645726633
co2c0000339,control,P7,S1 obj,39,5.592421385434856,4.353797669415038
co2c0000339,control,P7,S2 nomatch,23,6.6160918794783505,8.228849560417279
co2c0000339,control,P8,S1 obj,39,15.883567277911517,16.584759062619383
co2c0000339,control,P8,S2 nomatch,23,10.102186136274907,13.488536710866311
co2c0000339,control,PO7,S1 obj,39,9.944021756258778,12.25824798763937
co2c0000339,control,PO7,S2 nomatch,23,9.532856099082283,6.208131156079567
co2c0000339,control,PO8,S1 obj,39,16.557004758664615,12.40842008893638
co2c0000339,control,PO8,S2 nomatch,23,16.722529391666264,9.356585979859315
co2c0000339,control,T7,S1 obj,39,1.784564096241711,3.704717873110241
co2c0000339,control,T7,S2 nomatch,23,8.398726193873111,10.258150769450449
co2c0000339,control,T8,S1 obj,39,1.5648205578968466,2.7488762385089376
co2c0000339,control,T8,S2 nomatch,23,6.880723904418473,6.66649275087746
co2c0000339,control,TP7,S1 obj,39,2.0032605630121525,1.7318897099261419
co2c0000339,control,TP7,S2 nomatch,23,8.975828607562761,11.531137146380608
co2c0000339,control,TP8,S1 obj,39,6.227209514050988,3.9618483869469894
co2c0000339,control,TP8,S2 nomatch,23,7.367722411523103,12.13966119166171
co2c0000340,control,P7,S1 obj,54,35.854716464169734,55.97603792998206
co2c0000340,control,P7,S2 nomatch,17,12.042836886799865,11.474989503758872
co2c0000340,control,P8,S1 obj,54,14.844116565497588,51.270617517792466
co2c0000340,control,P8,S2 nomatch,17,30.447843299166866,27.71394658269592
co2c0000340,control,PO7,S1 obj,54,11.063274207457413,15.653495903581401
co2c0000340,control,PO7,S2 nomatch,17,3.9884126434143146,3.183492134887663
co2c0000340,control,PO8,S1 obj,54,12.956980718632567,22.177030608903205
co2c0000340,control,PO8,S2 nomatch,17,13.00471249387673,37.90861781843651
co2c0000340,control,T7,S1 obj,54,4.9177871935243855,30.3249108849764
co2c0000340,control,T7,S2 nomatch,17,4.323268121572725,8.693523907042854
co2c0000340,control,T8,S1 obj,54,1.6247492672152348,21.131469276213497
co2c0000340,control,T8,S2 nomatch,17,3.6328924881864113,14.687050842503586
co2c0000340,control,TP7,S1 obj,54,14.59218861417067,40.26848066256617
co2c0000340,control,TP7,S2 nomatch,17,4.05464877444697,9.761835241556382
co2c0000340,control,TP8,S1 obj,54,3.80410151632386,44.69744466744817
co2c0000340,control,TP8,S2 nomatch,17,14.78356232260956,27.07461115363344
co2c0000341,control,P7,S1 obj,51,14.376612293529021,28.233903794029203
co2c0000341,control,P7,S2 nomatch,25,2.9303336895701446,15.713636142775462
co2c0000341,control,P8,S1 obj,51,10.165268380078748,5.018229351945146
co2c0000341,control,P8,S2 nomatch,25,4.442478185376538,2.9133317665029583
co2c0000341,control,PO7,S1 obj,51,14.37220022338261,29.542033966247004
co2c0000341,control,PO7,S2 nomatch,25,3.582822497180351,6.315173045244936
co2c0000341,control,PO8,S1 obj,51,11.933881998071511,23.854765034838508
co2c0000341,control,PO8,S2 nomatch,25,3.0934238087751966,1.2997077486015984
co2c0000341,control,T7,S1 obj,51,2.7736820845527275,15.711901388984172
co2c0000341,control,T7,S2 nomatch,25,4.7517911610577395,17.111439179206815
co2c0000341,control,T8,S1 obj,51,11.229567408715585,40.22685903018753
co2c0000341,control,T8,S2 nomatch,25,3.72023675732119,3.0602300129281828
co2c0000341,control,TP7,S1 obj,51,5.335362319456737,9.35868549218352
co2c0000341,control,TP7,S2 nomatch,25,3.9207305789431497,13.626118577109187
co2c0000341,control,TP8,S1 obj,51,8.232560313536455,19.1858316658521
co2c0000341,control,TP8,S2 nomatch,25,3.6718966016453938,4.016629427894512
co2c0000342,control,P7,S1 obj,56,8.84231537896712,9.81028514039272
co2c0000342,control,P7,S2 nomatch,30,16.870535086215224,16.08526141206988
co2c0000342,control,P8,S1 obj,56,11.250741898500845,3.7461854165696518
co2c0000342,control,P8,S2 nomatch,30,14.585413861845396,9.43614983607326
co2c0000342,control,PO7,S1 obj,56,9.206763060086043,9.415731819430324
co2c0000342,control,PO7,S2 nomatch,30,15.759473272811306,17.466968802932538
co2c0000342,control,PO8,S1 obj,56,4.439624536770856,2.4472246631029813
co2c0000342,control,PO8,S2 nomatch,30,11.450296633713792,12.558174727445735
co2c0000342,control,T7,S1 obj,56,7.358153085561589,7.546323277502407
co2c0000342,control,T7,S2 nomatch,30,19.69025959644146,33.57883227771912
co2c0000342,control,T8,S1 obj,56,5.722631662538521,4.270663480946219
co2c0000342,control,T8,S2 nomatch,30,8.536462115629854,23.924059575764865
co2c0000342,control,TP7,S1 obj,56,8.809526650648639,6.645939392106636
co2c0000342,control,TP7,S2 nomatch,30,17.226103407501082,24.80646329553901
co2c0000342,control,TP8,S1 obj,56,9.861755689150582,4.040972130394979
co2c0000342,control,TP8,S2 nomatch,30,6.584127026215989,15.32331413351869
co2c0000344,control,P7,S1 obj,50,7.2337355151417135,21.501094705289223
co2c0000344,control,P7,S2 nomatch,23,20.86717533536202,31.01598936376002
co2c0000344,control,P8,S1 obj,50,2.910777064252812,7.862906313730992
co2c0000344,control,P8,S2 nomatch,23,11.754577988233057,17.22055980667456
co2c0000344,control,PO7,S1 obj,50,8.045185826491728,24.14832070093895
co2c0000344,control,PO7,S2 nomatch,23,15.880351844284489,18.437520056139316
co2c0000344,control,PO8,S1 obj,50,4.7582909508710545,15.37106084294269
co2c0000344,control,PO8,S2 nomatch,23,10.893505902862191,11.312569579552635
co2c0000344,control,T7,S1 obj,50,4.096559078760148,13.83906835091527
co2c0000344,control,T7,S2 nomatch,23,22.233168880220283,27.325050622410075
co2c0000344,control,T8,S1 obj,50,6.051290749454142,8.33420107812715
co2c0000344,control,T8,S2 nomatch,23,6.357512598357415,7.09624656863017
co2c0000344,control,TP7,S1 obj,50,3.667569040286037,18.56210090521157
co2c0000344,control,TP7,S2 nomatch,23,16.20204428063121,31.661915056922062
co2c0000344,control,TP8,S1 obj,50,2.9046389325518662,4.67304591514091
co2c0000344,control,TP8,S2 nomatch,23,9.424822928272427,17.065457814617325
co2c0000345,control,P7,S1 obj,55,10.012974296314306,9.514377499458304
co2c0000345,control,P7,S2 nomatch,29,4.249920452466029,4.643414594781002
co2c0000345,control,P8,S1 obj,55,5.942803096559431,8.816261277876674
co2c0000345,control,P8,S2 nomatch,29,10.321097942806878,18.889185798590237
co2c0000345,control,PO7,S1 obj,55,6.3857937002005105,6.020496145240925
co2c0000345,control,PO7,S2 nomatch,29,3.9363238305897217,4.234572428169944
co2c0000345,control,PO8,S1 obj,55,6.215359069226609,6.943622077186406
co2c0000345,control,PO8,S2 nomatch,29,9.28896743468465,14.90206222667701
co2c0000345,control,T7,S1 obj,55,2.5926078726236055,4.894013480239117
co2c0000345,control,T7,S2 nomatch,29,5.141806662497724,4.288688695100456
co2c0000345,control,T8,S1 obj,55,1.0653192091135961,1.3962501150002262
co2c0000345,control,T8,S2 nomatch,29,5.595017340638269,8.134909917219991
co2c0000345,control,TP7,S1 obj,55,5.839255235553614,4.225882787469977
co2c0000345,control,TP7,S2 nomatch,29,3.3626698823937713,1.7903569052272856
co2c0000345,control,TP8,S1 obj,55,2.8551255607246775,3.4189364848135044
co2c0000345,control,TP8,S2 nomatch,29,5.108857512542088,11.685354027065905
co2c0000346,control,P7,S1 obj,53,20.55523134378607,30.644659173744763
co2c0000346,control,P7,S2 nomatch,28,5.178373365123601,13.571778065267129
co2c0000346,control,P8,S1 obj,53,11.291475691537688,18.783374090598073
co2c0000346,control,P8,S2 nomatch,28,23.7096739275433,29.06538275612174
co2c0000346,control,PO7,S1 obj,53,20.781662450023553,48.54249051688715
co2c0000346,control,PO7,S2 nomatch,28,4.64266084894046,10.715443026918166
co2c0000346,control,PO8,S1 obj,53,9.28875831908864,12.956098087764019
co2c0000346,control,PO8,S2 nomatch,28,14.181910301700102,20.85036613162064
co2c0000346,control,T7,S1 obj,53,4.252190908268644,23.531564553596336
co2c0000346,control,T7,S2 nomatch,28,12.117151425796255,19.66428975893883
co2c0000346,control,T8,S1 obj,53,3.282110714064786,9.830783864592876
co2c0000346,control,T8,S2 nomatch,28,5.059443836407133,16.13454136253034
co2c0000346,control,TP7,S1 obj,53,4.557439977096313,3.0567366481462734
co2c0000346,control,TP7,S2 nomatch,28,8.506628134008555,17.33771122844335
co2c0000346,control,TP8,S1 obj,53,4.31352557547424,2.7643149884092377
co2c0000346,control,TP8,S2 nomatch,28,17.21619231391807,22.59206562315793
co2c0000347,control,P7,S1 obj,46,5.270621134934004,6.4625872507440025
co2c0000347,control,P7,S2 nomatch,22,0.7970070478457573,2.1166159828119375
co2c0000347,control,P8,S1 obj,46,4.2577548648347925,8.36290529604051
co2c0000347,control,P8,S2 nomatch,22,0.5089594953878233,2.918342324839219
co2c0000347,control,PO7,S1 obj,46,7.1753705844443765,7.57111170741298
co2c0000347,control,PO7,S2 nomatch,22,1.0459538160107575,3.7361332941309096
co2c0000347,control,PO8,S1 obj,46,8.580359264363008,8.632457630609037
co2c0000347,control,PO8,S2 nomatch,22,0.7090462961506926,6.216075819766375
co2c0000347,control,T7,S1 obj,46,1.5285315023581845,5.3897015120658
co2c0000347,control,T7,S2 nomatch,22,1.6080229637626748,5.992911108190611
co2c0000347,control,T8,S1 obj,46,1.8993465506994223,19.309866853326668
co2c0000347,control,T8,S2 nomatch,22,0.5082071372504888,0.5252934821186628
co2c0000347,control,TP7,S1 obj,46,6.757858879120476,10.887878423828369
co2c0000347,control,TP7,S2 nomatch,22,0.5755742832588956,1.2780788141924566
co2c0000347,control,TP8,S1 obj,46,1.8855783321583486,3.131699972237341
co2c0000347,control,TP8,S2 nomatch,22,0.3888193158766118,1.0669772926577623
co2c0000348,control,P7,S1 obj,36,4.966066215192316,6.155760279550066
co2c0000348,control,P7,S2 nomatch,13,3.1300948561838764,3.0571926901796322
co2c0000348,control,P8,S1 obj,36,3.910371190188916,4.209569228857868
co2c0000348,control,P8,S2 nomatch,13,2.191201451631669,8.019754961884319
co2c0000348,control,PO7,S1 obj,36,6.586343378437013,10.149039635887156
co2c0000348,control,PO7,S2 nomatch,13,3.1190593032943053,5.776133915902745
co2c0000348,control,PO8,S1 obj,36,4.217032768390512,2.852172285450686
co2c0000348,control,PO8,S2 nomatch,13,2.13231854143697,6.830018827716908
co2c0000348,control,T7,S1 obj,36,2.2666883403533933,2.9766662263039976
co2c0000348,control,T7,S2 nomatch,13,1.5421028372530632,1.905933551750256
co2c0000348,control,T8,S1 obj,36,1.3415652812171655,7.273142660798571
co2c0000348,control,T8,S2 nomatch,13,1.8821488154989778,3.231617092267899
co2c0000348,control,TP7,S1 obj,36,2.8983508573476175,8.787255198240109
co2c0000348,control,TP7,S2 nomatch,13,3.4038280851697236,2.333940188453664
co2c0000348,control,TP8,S1 obj,36,1.7280446122070465,9.876970289348543
co2c0000348,control,TP8,S2 nomatch,13,2.6855548468678223,5.96519623632209
co2c0000351,control,P7,S1 obj,50,5.148665793837175,9.128738970800713
co2c0000351,control,P7,S2 nomatch,24,0.8741962534624413,1.5443005118788131
co2c0000351,control,P8,S1 obj,48,7.3527537799818115,9.651718065722482
co2c0000351,control,P8,S2 nomatch,23,1.4989892222658385,1.5837350606175866
co2c0000351,control,PO7,S1 obj,49,6.742373875707596,11.286195167135944
co2c0000351,control,PO7,S2 nomatch,24,1.1381389566943818,4.763761481564961
co2c0000351,control,PO8,S1 obj,48,9.711638608214232,8.77987505811335
co2c0000351,control,PO8,S2 nomatch,23,1.2306759949526802,1.8210255623441876
co2c0000351,control,T7,S1 obj,50,2.358990583220587,8.348403416944128
co2c0000351,control,T7,S2 nomatch,24,1.2192613518166535,1.2757678886845754
co2c0000351,control,T8,S1 obj,49,1.6226231843314163,5.614884891238699
co2c0000351,control,T8,S2 nomatch,24,8.956258209499422,9.35705384194426
co2c0000351,control,TP7,S1 obj,50,3.2683674622293406,10.514875003749763
co2c0000351,control,TP7,S2 nomatch,24,0.7671375429025926,2.534988244718028
co2c0000351,control,TP8,S1 obj,49,2.6301574413973627,9.850903536128724
co2c0000351,control,TP8,S2 nomatch,24,7.177370058415593,8.998166037976407
co2c0000352,control,P7,S1 obj,17,1.4096401861001784,1.1794436005506757
co2c0000352,control,P7,S2 nomatch,17,4.038992100364224,3.5941374942101247
co2c0000352,control,P8,S1 obj,17,3.2655115232391863,5.762981229713531
co2c0000352,control,P8,S2 nomatch,17,3.050100916548538,8.05027159816671
co2c0000352,control,PO7,S1 obj,17,2.3171389812574987,9.160274349641718
co2c0000352,control,PO7,S2 nomatch,17,5.918023742937306,4.465217654924094
co2c0000352,control,PO8,S1 obj,17,1.964671966590638,2.298279342626105
co2c0000352,control,PO8,S2 nomatch,17,3.954244344387986,7.969683996213657
co2c0000352,control,T7,S1 obj,17,3.126618220764433,16.484976554304513
co2c0000352,control,T7,S2 nomatch,17,1.1643368082439227,2.069161811826966
co2c0000352,control,T8,S1 obj,17,2.814377058400891,4.184799501893123
co2c0000352,control,T8,S2 nomatch,17,2.176252670389743,4.08615577321507
co2c0000352,control,TP7,S1 obj,17,1.9014078811611481,4.710170916574102
co2c0000352,control,TP7,S2 nomatch,17,1.8036750733609588,5.033037691299061
co2c0000352,control,TP8,S1 obj,17,1.6370748345373871,2.458933000643725
co2c0000352,control,TP8,S2 nomatch,16,4.720695900367398,1.7952455631559259
co2c0000354,control,P7,S1 obj,47,2.1460781727967726,28.900176826198088
co2c0000354,control,P7,S2 nomatch,25,2.0157491972597206,2.219838707947684
co2c0000354,control,P8,S1 obj,47,10.25287362639445,8.033441410619988
co2c0000354,control,P8,S2 nomatch,25,2.0249544574452862,4.431427384868379
co2c0000354,control,PO7,S1 obj,47,7.14216962898675,11.219695884224278
co2c0000354,control,PO7,S2 nomatch,25,3.2319795817542945,3.4279606192610226
co2c0000354,control,PO8,S1 obj,47,15.024383351625131,12.033564240924054
co2c0000354,control,PO8,S2 nomatch,25,2.4993882621898376,2.979219830523349
co2c0000354,control,T7,S1 obj,47,0.8168015880157727,3.512235987675966
co2c0000354,control,T7,S2 nomatch,25,1.455212762410371,7.1957865149369695
co2c0000354,control,T8,S1 obj,47,2.1265262011716914,6.791046269947961
co2c0000354,control,T8,S2 nomatch,25,2.2107462772349513,4.354008843279133
co2c0000354,control,TP7,S1 obj,47,0.8276933892010531,2.087993647864393
co2c0000354,control,TP7,S2 nomatch,25,1.2552998280304115,5.172654764185557
co2c0000354,control,TP8,S1 obj,47,3.9618786341249845,6.539567227520642
co2c0000354,control,TP8,S2 nomatch,25,1.9677525081753893,2.7770144897078715
co2c0000355,control,P7,S1 obj,35,4.198073517423439,9.3054378153972
co2c0000355,control,P7,S2 nomatch,15,1.052472255823654,1.9123112459900695
co2c0000355,control,P8,S1 obj,37,4.713331661914661,12.59323941289718
co2c0000355,control,P8,S2 nomatch,15,1.3699181720998854,3.9987601974267366
co2c0000355,control,PO7,S1 obj,37,9.640725438954304,30.73681921307435
co2c0000355,control,PO7,S2 nomatch,15,1.301688452492402,3.1261278996358093
co2c0000355,control,PO8,S1 obj,37,12.058540753751206,13.058441575114971
co2c0000355,control,PO8,S2 nomatch,15,1.1776582350861873,3.2776422479975587
co2c0000355,control,T7,S1 obj,36,1.1690149285375693,3.407651315189708
co2c0000355,control,T7,S2 nomatch,15,1.3829192088662223,6.8231817473618275
co2c0000355,control,T8,S1 obj,37,1.3274687823230762,12.83009282216454
co2c0000355,control,T8,S2 nomatch,15,2.5640944291403795,7.028365431942762
co2c0000355,control,TP7,S1 obj,36,3.1693254521230108,7.469498926977458
co2c0000355,control,TP7,S2 nomatch,15,1.153769947728559,1.0878782243964826
co2c0000355,control,TP8,S1 obj,37,1.4724583718124464,4.889180183087591
co2c0000355,control,TP8,S2 nomatch,15,2.3398087748333016,5.56280185850875
co2c0000356,control,P7,S1 obj,49,4.05451300097621,5.858021148165819
co2c0000356,control,P7,S2 nomatch,22,1.9141779031063129,10.818632499557788
co2c0000356,control,P8,S1 obj,49,4.58906462243203,6.08622561386897
co2c0000356,control,P8,S2 nomatch,22,2.3542458392720063,2.9712632615853107
co2c0000356,control,PO7,S1 obj,49,4.928855924928772,5.843834281816821
co2c0000356,control,PO7,S2 nomatch,22,2.122671995407148,7.5131624707790055
co2c0000356,control,PO8,S1 obj,49,3.8028039706777172,5.186232162648723
co2c0000356,control,PO8,S2 nomatch,21,2.2001763575779876,3.5728771951328278
co2c0000356,control,T7,S1 obj,49,0.8934901526339013,6.520067259861042
co2c0000356,control,T7,S2 nomatch,22,1.5061650365949446,2.0924763245115523
co2c0000356,control,T8,S1 obj,49,0.8835203073780017,8.013028942163194
co2c0000356,control,T8,S2 nomatch,22,1.8655046169519365,6.275314410769388
co2c0000356,control,TP7,S1 obj,49,2.954994559665068,5.0123863962909745
co2c0000356,control,TP7,S2 nomatch,22,1.6002112739181358,4.773005849919475
co2c0000356,control,TP8,S1 obj,49,1.6322178428293115,4.009112862261567
co2c0000356,control,TP8,S2 nomatch,22,2.0877863071650458,2.3630674844027104
co2c0000357,control,P7,S1 obj,41,10.481565414510548,10.989075137476387
co2c0000357,control,P7,S2 nomatch,23,1.4364790435165857,3.8472288177368705
co2c0000357,control,P8,S1 obj,41,13.397584326634306,19.442867965652106
co2c0000357,control,P8,S2 nomatch,23,8.406028276343315,10.314503843751131
co2c0000357,control,PO7,S1 obj,41,13.417397541017788,12.972065156501412
co2c0000357,control,PO7,S2 nomatch,23,2.698946930552623,10.312838844626064
co2c0000357,control,PO8,S1 obj,41,12.443995465189216,22.565356291669183
co2c0000357,control,PO8,S2 nomatch,23,5.342570549636639,4.319601525172476
co2c0000357,control,T7,S1 obj,41,12.766688012177347,31.701693778459976
co2c0000357,control,T7,S2 nomatch,23,1.9388402336561157,1.447329940658614
co2c0000357,control,T8,S1 obj,41,19.737693531863876,8.100461528843962
co2c0000357,control,T8,S2 nomatch,23,4.911802340368786,11.659456222565892
co2c0000357,control,TP7,S1 obj,41,11.292589315312282,34.15951856999629
co2c0000357,control,TP7,S2 nomatch,23,0.9483982842124878,1.40803011902533
co2c0000357,control,TP8,S1 obj,41,15.558165555033844,17.290075820050095
co2c0000357,control,TP8,S2 nomatch,23,7.168695265350079,9.248262448753113
co2c0000359,control,P7,S1 obj,33,3.8112874955208285,4.02882887655769
co2c0000359,control,P7,S2 nomatch,18,0.2939326752922704,1.4431170428602962
co2c0000359,control,P8,S1 obj,33,3.2319012990201266,5.3509210870364114
co2c0000359,control,P8,S2 nomatch,16,0.5049510781668816,9.361795857204244
co2c0000359,control,PO7,S1 obj,33,7.296274556244423,4.374457889030859
co2c0000359,control,PO7,S2 nomatch,17,0.8877676657470357,0.7691065601751066
co2c0000359,control,PO8,S1 obj,33,5.698327111961929,7.165302800679217
co2c0000359,control,PO8,S2 nomatch,18,0.44673654598873885,5.275106562947028
co2c0000359,control,T7,S1 obj,33,0.7868054576866741,2.4693070261477295
co2c0000359,control,T7,S2 nomatch,18,2.165814653463234,2.4446871214639447
co2c0000359,control,T8,S1 obj,33,1.2862171080313818,8.574343216853688
co2c0000359,control,T8,S2 nomatch,18,0.6650764281381208,3.130451717260516
co2c0000359,control,TP7,S1 obj,33,1.6108459649138267,5.253562749624265
co2c0000359,control,TP7,S2 nomatch,18,0.4456551256246333,
co2c0000359,control,TP8,S1 obj,33,2.175871409164756,2.5755271401297146
co2c0000359,control,TP8,S2 nomatch,18,0.2567358631410876,1.2845623614385415
co2c0000362,control,P7,S1 obj,44,5.8370973232214185,15.585782696677867
co2c0000362,control,P7,S2 nomatch,17,3.12126778912215,6.24573255457778
co2c0000362,control,P8,S1 obj,45,1.460593831603232,4.556565640273527
co2c0000362,control,P8,S2 nomatch,18,2.663346071084959,1.5467228197661076
co2c0000362,control,PO7,S1 obj,45,5.745615402740022,13.258401055609223
co2c0000362,control,PO7,S2 nomatch,19,4.370377419418302,4.358046141250127
co2c0000362,control,PO8,S1 obj,45,2.122230244557146,3.3297846506124955
co2c0000362,control,PO8,S2 nomatch,19,2.7239543778732,3.3847176446507707
co2c0000362,control,T7,S1 obj,45,1.5628049074146877,3.3204592623053704
co2c0000362,control,T7,S2 nomatch,18,3.6009361574130727,6.766387083353533
co2c0000362,control,T8,S1 obj,45,1.9046476340338176,4.528403653166337
co2c0000362,control,T8,S2 nomatch,19,1.8141613223451556,2.427368095780466
co2c0000362,control,TP7,S1 obj,45,2.0504487066737735,6.2348178293015275
co2c0000362,control,TP7,S2 nomatch,18,5.867778453465107,8.86748848825996
co2c0000362,control,TP8,S1 obj,45,1.9626133044998915,4.958721851403899
co2c0000362,control,TP8,S2 nomatch,19,2.103825085740882,4.216077673449708
co2c0000363,control,P7,S1 obj,55,22.223270297975922,24.047223235123905
co2c0000363,control,P7,S2 nomatch,28,2.601525676478305,6.268311565436361
co2c0000363,control,P8,S1 obj,55,28.855315114584435,62.59174967376165
co2c0000363,control,P8,S2 nomatch,28,5.004118148457545,12.209234980296523
co2c0000363,control,PO7,S1 obj,55,39.104042707018884,38.74450578492657
co2c0000363,control,PO7,S2 nomatch,28,5.620461867975993,7.30454277354965
co2c0000363,control,PO8,S1 obj,55,77.0803360799669,79.50971031128502
co2c0000363,control,PO8,S2 nomatch,28,4.086010595949102,5.5217689616400545
co2c0000363,control,T7,S1 obj,55,4.733142792604019,10.83323017012262
co2c0000363,control,T7,S2 nomatch,28,1.5082122138894156,3.2267186763515077
co2c0000363,control,T8,S1 obj,55,27.50969003225633,6.633341081213239
co2c0000363,control,T8,S2 nomatch,28,2.2359296782961784,6.5263978158747875
co2c0000363,control,TP7,S1 obj,55,9.54189485040303,15.015037184662422
co2c0000363,control,TP7,S2 nomatch,28,1.4304234962497804,5.53124736171448
co2c0000363,control,TP8,S1 obj,55,41.36421193576407,27.024566405721398
co2c0000363,control,TP8,S2 nomatch,28,3.5572741232109295,9.072219361865384
co2c0000364,control,P7,S1 obj,47,5.8616783632364164,20.802561878076965
co2c0000364,control,P7,S2 nomatch,27,3.3672892280924334,7.469395579328839
co2c0000364,control,P8,S1 obj,47,5.990179839420566,4.2546000177417715
co2c0000364,control,P8,S2 nomatch,27,2.596026405664015,4.79284606349649
co2c0000364,control,PO7,S1 obj,47,3.2197610288606713,1.9623890288934123
co2c0000364,control,PO7,S2 nomatch,26,7.32292205885973,9.467756052276142
co2c0000364,control,PO8,S1 obj,47,3.1448222337555416,2.2195362432448595
co2c0000364,control,PO8,S2 nomatch,26,7.25274037232665,9.611587388629083
co2c0000364,control,T7,S1 obj,47,0.678943657327658,7.979371746439745
co2c0000364,control,T7,S2 nomatch,27,1.4825147336476934,2.1360999294372083
co2c0000364,control,T8,S1 obj,47,2.281976782704701,2.10285833832886
co2c0000364,control,T8,S2 nomatch,27,5.987485916985219,8.856440378368726
co2c0000364,control,TP7,S1 obj,47,1.6316207332856998,16.814987180786726
co2c0000364,control,TP7,S2 nomatch,27,2.8456768419659757,5.886899461718732
co2c0000364,control,TP8,S1 obj,47,1.7769335783748144,13.190232734894414
co2c0000364,control,TP8,S2 nomatch,27,3.3966513132043783,4.059564421264204
co2c0000367,control,P7,S1 obj,51,14.510427498788177,11.377067489471832
co2c0000367,control,P7,S2 nomatch,25,1.9084719299177488,4.235582952922652
co2c0000367,control,P8,S1 obj,51,9.863604387977066,11.359004577656078
co2c0000367,control,P8,S2 nomatch,25,4.822585658837611,8.003691493206741
co2c0000367,control,PO7,S1 obj,51,19.96518829479574,22.968404434570587
co2c0000367,control,PO7,S2 nomatch,24,11.28489517247635,9.650503133821172
co2c0000367,control,PO8,S1 obj,51,13.193209761148447,12.24922817669035
co2c0000367,control,PO8,S2 nomatch,25,4.5603719111498355,5.5019062683617665
co2c0000367,control,T7,S1 obj,51,4.785955035141488,3.769920961530409
co2c0000367,control,T7,S2 nomatch,25,3.2349852033484816,11.293718300959585
co2c0000367,control,T8,S1 obj,51,2.296494643689827,7.152839003561111
co2c0000367,control,T8,S2 nomatch,25,1.6153938452632137,1.9623805885453407
co2c0000367,control,TP7,S1 obj,51,10.819297408261727,16.584835878530974
co2c0000367,control,TP7,S2 nomatch,25,1.9283041598164632,8.035677506523205
co2c0000367,control,TP8,S1 obj,51,5.238517041626663,18.608181414822663
co2c0000367,control,TP8,S2 nomatch,25,1.9873423374966455,2.7024959144796394
co2c0000370,control,P7,S1 obj,56,10.325622228578425,16.806510103392725
co2c0000370,control,P7,S2 nomatch,24,7.34665671065819,12.732614144322978
co2c0000370,control,P8,S1 obj,56,9.312654368318436,18.43967067480263
co2c0000370,control,P8,S2 nomatch,24,5.011452592556584,3.261647997900152
co2c0000370,control,PO7,S1 obj,56,15.873431437995068,7.363235514124368
co2c0000370,control,PO7,S2 nomatch,24,7.010748698665995,8.878157648121077
co2c0000370,control,PO8,S1 obj,56,10.766880338932785,28.864463684385594
co2c0000370,control,PO8,S2 nomatch,24,3.9398660837224293,9.10429480534407
co2c0000370,control,T7,S1 obj,56,5.947486688110385,7.525834250975246
co2c0000370,control,T7,S2 nomatch,24,2.7066532185610788,6.563845185767851
co2c0000370,control,T8,S1 obj,56,4.466799463396421,5.048259619138462
co2c0000370,control,T8,S2 nomatch,24,4.750728985065523,4.602780210107564
co2c0000370,control,TP7,S1 obj,56,5.947333362427673,14.309391649642185
co2c0000370,control,TP7,S2 nomatch,24,3.344304855826731,7.320653354215901
co2c0000370,control,TP8,S1 obj,56,7.668967702417586,15.049397701480585
co2c0000370,control,TP8,S2 nomatch,24,5.787174526392405,2.6128656725544968
co2c0000371,control,P7,S1 obj,32,2.8360106936384195,15.869274612695612
co2c0000371,control,P7,S2 nomatch,9,4.616134638234983,5.9265092407619715
co2c0000371,control,P8,S1 obj,33,4.659385897778565,17.32599435593288
co2c0000371,control,P8,S2 nomatch,9,2.7951814401017825,4.712722511793051
co2c0000371,control,PO7,S1 obj,32,3.533375397138149,14.13284785076831
co2c0000371,control,PO7,S2 nomatch,10,0.812003110255091,0.7233902533483532
co2c0000371,control,PO8,S1 obj,33,4.352980579244488,21.176772723074468
co2c0000371,control,PO8,S2 nomatch,9,2.615072833278768,3.4265599069116797
co2c0000371,control,T7,S1 obj,33,1.5093217089254756,4.330200922599619
co2c0000371,control,T7,S2 nomatch,9,1.1756244588895812,2.3530276398762373
co2c0000371,control,T8,S1 obj,33,2.36649279198391,11.549581331511222
co2c0000371,control,T8,S2 nomatch,9,3.0906163838594365,5.148382861452137
co2c0000371,control,TP7,S1 obj,33,1.1745043103060406,3.081944515185333
co2c0000371,control,TP7,S2 nomatch,10,0.518998481408219,1.037503412683725
co2c0000371,control,TP8,S1 obj,33,1.5320805890878426,4.243748947957711
co2c0000371,control,TP8,S2 nomatch,9,2.265042783082827,4.8596220520940046
co2c0000373,control,P7,S1 obj,37,11.044253690639474,6.628674651589891
co2c0000373,control,P7,S2 nomatch,11,11.787694263620129,11.402258698351927
co2c0000373,control,P8,S1 obj,36,14.342504141989759,14.238479665509116
co2c0000373,control,P8,S2 nomatch,11,9.251267962470932,7.22303092911993
co2c0000373,control,PO7,S1 obj,37,22.5221991437089,17.214758097225292
co2c0000373,control,PO7,S2 nomatch,11,20.159341283246505,18.845752599827605
co2c0000373,control,PO8,S1 obj,36,45.56249633194721,38.15545321276652
co2c0000373,control,PO8,S2 nomatch,11,12.200201574045895,16.40486835111067
co2c0000373,control,T7,S1 obj,37,10.101836071928895,10.544102759639747
co2c0000373,control,T7,S2 nomatch,11,2.2015454497330658,1.7402053973347893
co2c0000373,control,T8,S1 obj,37,1.5250301456389006,3.0873054596263065
co2c0000373,control,T8,S2 nomatch,11,1.10640844382997,1.5005151599773294
co2c0000373,control,TP7,S1 obj,37,8.122421531919704,10.922084244683386
co2c0000373,control,TP7,S2 nomatch,11,4.851248989556951,5.289257262584393
co2c0000373,control,TP8,S1 obj,37,2.2448942018572513,7.907390799531232
co2c0000373,control,TP8,S2 nomatch,11,3.9986468821335635,4.277559459087732
co2c0000374,control,P7,S1 obj,51,4.79654748342911,10.242742444553041
co2c0000374,control,P7,S2 nomatch,27,3.2312337020428097,18.365289240307927
co2c0000374,control,P8,S1 obj,51,7.945130572921529,13.092484313012948
co2c0000374,control,P8,S2 nomatch,27,1.48390366356401,6.523563579669129
co2c0000374,control,PO7,S1 obj,51,8.713019526939169,19.017276709686683
co2c0000374,control,PO7,S2 nomatch,27,2.5498449692073706,21.92389800151498
co2c0000374,control,PO8,S1 obj,51,17.589442636909947,19.377048761660046
co2c0000374,control,PO8,S2 nomatch,25,2.192277234620148,5.650638422571552
co2c0000374,control,T7,S1 obj,51,2.2012387302129146,20.87694513442032
co2c0000374,control,T7,S2 nomatch,27,2.341746967332062,3.8863843229424546
co2c0000374,control,T8,S1 obj,51,3.548232938916594,7.870829885747898
co2c0000374,control,T8,S2 nomatch,27,1.87693018319349,7.284332403459631
co2c0000374,control,TP7,S1 obj,51,3.7545337717075338,17.437086003837987
co2c0000374,control,TP7,S2 nomatch,27,3.127213356438674,15.466550715105265
co2c0000374,control,TP8,S1 obj,51,5.950679861587527,19.07330057635879
co2c0000374,control,TP8,S2 nomatch,27,1.2786405191503643,3.3070229914708187
co2c0000378,control,P7,S1 obj,43,6.296195861183387,4.340551652095323
co2c0000378,control,P7,S2 nomatch,20,1.581267975757941,5.275785639483968
co2c0000378,control,P8,S1 obj,43,3.3448886626062393,5.253543820422694
co2c0000378,control,P8,S2 nomatch,20,2.4470849517163615,6.449911073994454
co2c0000378,control,PO7,S1 obj,43,5.5212684003204275,5.729458437629808
co2c0000378,control,PO7,S2 nomatch,19,2.296987622446148,3.9144644328380696
co2c0000378,control,PO8,S1 obj,41,10.44197110624708,10.24047855745621
co2c0000378,control,PO8,S2 nomatch,19,3.670083029915396,3.9985237883175753
co2c0000378,control,T7,S1 obj,43,0.9805138101813192,1.3658497652678825
co2c0000378,control,T7,S2 nomatch,20,2.1396832400905255,7.07161305612498
co2c0000378,control,T8,S1 obj,43,0.4873411320844054,1.9242083564705392
co2c0000378,control,T8,S2 nomatch,20,2.6738933170904247,3.0428559562689124
co2c0000378,control,TP7,S1 obj,43,3.132773471595493,4.908545191888189
co2c0000378,control,TP7,S2 nomatch,20,1.3815339105827078,4.724261361582071
co2c0000378,control,TP8,S1 obj,43,1.3378138073429933,4.342200931996759
co2c0000378,control,TP8,S2 nomatch,20,2.0172086669130795,4.5884751951644605
co2c0000379,control,P7,S1 obj,50,13.147520499530087,5.668409559421795
co2c0000379,control,P7,S2 nomatch,24,3.3430133464552636,8.469725166791081
co2c0000379,control,P8,S1 obj,50,23.290267365079462,14.37575956282189
co2c0000379,control,P8,S2 nomatch,24,3.276921240733229,2.6326554486435523
co2c0000379,control,PO7,S1 obj,50,25.345835515186405,12.82523364009225
co2c0000379,control,PO7,S2 nomatch,24,2.3777568704827106,5.799270118902876
co2c0000379,control,PO8,S1 obj,50,57.908728760541415,34.55906006145048
co2c0000379,control,PO8,S2 nomatch,24,3.0598149661629317,3.315287832966092
co2c0000379,control,T7,S1 obj,50,4.307310542958989,19.743224951952474
co2c0000379,control,T7,S2 nomatch,24,3.8661177952036265,17.175615196549565
co2c0000379,control,T8,S1 obj,50,3.7154751855742796,19.947755691149442
co2c0000379,control,T8,S2 nomatch,24,3.7570388389768037,5.659378481076182
co2c0000379,control,TP7,S1 obj,50,5.523549511917882,4.998576958387696
co2c0000379,control,TP7,S2 nomatch,24,4.444624465781231,9.832932813332684
co2c0000379,control,TP8,S1 obj,50,7.26965257048855,10.788873899317355
co2c0000379,control,TP8,S2 nomatch,24,3.709187423501745,2.9182272982664
co2c0000381,control,P7,S1 obj,52,4.755542751419328,33.8218465645222
co2c0000381,control,P7,S2 nomatch,24,7.634532886418688,7.701259344731669
co2c0000381,control,P8,S1 obj,52,3.7054257769694408,17.30973111268196
co2c0000381,control,P8,S2 nomatch,24,2.813581565831817,11.22065079430587
co2c0000381,control,PO7,S1 obj,52,4.558429330491695,28.005486753949388
co2c0000381,control,PO7,S2 nomatch,24,5.710600134935862,5.953877106167602
co2c0000381,control,PO8,S1 obj,52,3.5958497795297486,11.152896863895869
co2c0000381,control,PO8,S2 nomatch,24,4.043880738103722,11.037543758774573
co2c0000381,control,T7,S1 obj,52,5.890129696645274,6.285843131736871
co2c0000381,control,T7,S2 nomatch,24,7.439384321472033,8.388409425103614
co2c0000381,control,T8,S1 obj,52,9.999471397454917,5.678651383080865
co2c0000381,control,T8,S2 nomatch,24,7.296579505874506,8.278015455848292
co2c0000381,control,TP7,S1 obj,52,6.04842340809216,14.185028633685823
co2c0000381,control,TP7,S2 nomatch,24,6.251663077745529,7.3157434921019515
co2c0000381,control,TP8,S1 obj,52,5.414480990224854,6.287353255711937
co2c0000381,control,TP8,S2 nomatch,24,5.315461336111955,7.282525241499228
co2c0000382,control,P7,S1 obj,54,48.89501773401149,105.37578385233036
co2c0000382,control,P7,S2 nomatch,27,17.083946384486424,13.32249445123777
co2c0000382,control,P8,S1 obj,54,37.56905473709398,49.61470013729313
co2c0000382,control,P8,S2 nomatch,27,9.892696079960933,9.40625633037905
co2c0000382,control,PO7,S1 obj,54,42.811621727476435,84.40876278254551
co2c0000382,control,PO7,S2 nomatch,27,18.364059693224753,14.876512424461346
co2c0000382,control,PO8,S1 obj,54,38.502728148233764,63.50478243277784
co2c0000382,control,PO8,S2 nomatch,27,10.269756779095474,19.170131151648132
co2c0000382,control,T7,S1 obj,54,17.21872879974301,41.92699665656
co2c0000382,control,T7,S2 nomatch,27,10.570068498755841,17.333913981200524
co2c0000382,control,T8,S1 obj,54,11.24697577330112,11.732120726721087
co2c0000382,control,T8,S2 nomatch,27,3.8373217977458056,1.806217135906844
co2c0000382,control,TP7,S1 obj,54,28.11875034390378,61.804950839902844
co2c0000382,control,TP7,S2 nomatch,27,14.777359103967187,18.78451647489981
co2c0000382,control,TP8,S1 obj,54,22.66206898968319,45.37986790974505
co2c0000382,control,TP8,S2 nomatch,27,8.283311248692064,3.4972947217572457
co2c0000383,control,P7,S1 obj,49,4.111461827582018,11.863155736285039
co2c0000383,control,P7,S2 nomatch,26,2.7837187444598466,3.652584022091076
co2c0000383,control,P8,S1 obj,49,16.14854117991749,9.696375406403646
co2c0000383,control,P8,S2 nomatch,26,6.134886022577971,7.603253922065453
co2c0000383,control,PO7,S1 obj,48,4.842197757871109,5.896970082884246
co2c0000383,control,PO7,S2 nomatch,26,4.4257088623051155,4.679945634930995
co2c0000383,control,PO8,S1 obj,49,13.01449943498135,10.021145645649392
co2c0000383,control,PO8,S2 nomatch,26,7.576538583897808,7.742278898566675
co2c0000383,control,T7,S1 obj,49,1.6738343603049493,8.752776544175072
co2c0000383,control,T7,S2 nomatch,26,2.9529719604632287,5.83072671097401
co2c0000383,control,T8,S1 obj,49,6.216891827696334,3.4603579984564092
co2c0000383,control,T8,S2 nomatch,26,6.309906212058066,5.445870012587903
co2c0000383,control,TP7,S1 obj,49,2.5960900956122908,8.872663868643905
co2c0000383,control,TP7,S2 nomatch,26,2.319313864194478,10.506545116422524
co2c0000383,control,TP8,S1 obj,49,9.591991144206611,7.001697265580483
co2c0000383,control,TP8,S2 nomatch,26,6.087741226203359,4.496359896668289
co2c0000384,control,P7,S1 obj,42,39.448853032052,19.974572173292692
co2c0000384,control,P7,S2 nomatch,24,3.6135507492520587,4.782381944269214
co2c0000384,control,P8,S1 obj,42,14.761616565639333,19.202946516801024
co2c0000384,control,P8,S2 nomatch,24,6.851997743049024,17.64636889320107
co2c0000384,control,PO7,S1 obj,42,53.93698481599387,34.24338967873837
co2c0000384,control,PO7,S2 nomatch,24,4.5403765291878955,7.931693259378998
co2c0000384,control,PO8,S1 obj,42,31.413817399147575,28.86768027961464
co2c0000384,control,PO8,S2 nomatch,24,6.920760233913425,19.18719513318754
co2c0000384,control,T7,S1 obj,42,5.342215841689267,17.152586483998324
co2c0000384,control,T7,S2 nomatch,24,3.65364538974814,4.256903345085897
co2c0000384,control,T8,S1 obj,42,4.92108495734318,20.07034921957757
co2c0000384,control,T8,S2 nomatch,24,5.036143735476672,9.174880690999615
co2c0000384,control,TP7,S1 obj,42,18.52891842273582,17.349816040163407
co2c0000384,control,TP7,S2 nomatch,24,4.321082938638532,5.722676922462898
co2c0000384,control,TP8,S1 obj,42,4.664208538448334,11.374770948409115
co2c0000384,control,TP8,S2 nomatch,24,7.480420476602847,14.395393927477848
co2c0000387,control,P7,S1 obj,53,14.386154163310854,37.43941903128064
co2c0000387,control,P7,S2 nomatch,22,5.047829461838443,22.749485599956802
co2c0000387,control,P8,S1 obj,53,39.601970777941034,37.408993172520724
co2c0000387,control,P8,S2 nomatch,22,4.017946236228562,3.9535431182931635
co2c0000387,control,PO7,S1 obj,53,21.74649040498497,37.98990813308413
co2c0000387,control,PO7,S2 nomatch,22,7.40153099764955,21.16722202610944
co2c0000387,control,PO8,S1 obj,53,42.67501753501643,62.01458019065253
co2c0000387,control,PO8,S2 nomatch,22,5.034799548218991,6.13895378378013
co2c0000387,control,T7,S1 obj,53,3.424994412434837,4.742293804131172
co2c0000387,control,T7,S2 nomatch,22,1.0506573412151818,1.8610122890651775
co2c0000387,control,T8,S1 obj,53,2.472533775108897,12.70614413881387
co2c0000387,control,T8,S2 nomatch,22,0.8695199127261012,2.0676258942449213
co2c0000387,control,TP7,S1 obj,53,7.329812961756654,22.81794677552909
co2c0000387,control,TP7,S2 nomatch,22,2.6180310194597523,7.763064485378148
co2c0000387,control,TP8,S1 obj,53,15.819739706513383,10.024385740085522
co2c0000387,control,TP8,S2 nomatch,22,1.6717287759968293,2.1081898036477815
co2c0000388,control,P7,S1 obj,24,4.286884268146316,6.684807752256709
co2c0000388,control,P7,S2 nomatch,18,3.886870237036955,2.858459886076277
co2c0000388,control,P8,S1 obj,24,12.855792211120365,8.335044499895291
co2c0000388,control,P8,S2 nomatch,18,3.1218548263611603,4.06709092629633
co2c0000388,control,PO7,S1 obj,24,9.597427529375159,7.306120663491583
co2c0000388,control,PO7,S2 nomatch,18,4.294794148159488,3.1979931065881115
co2c0000388,control,PO8,S1 obj,24,10.872708287255215,6.268564057345101
co2c0000388,control,PO8,S2 nomatch,18,4.292484373405599,5.992648043535194
co2c0000388,control,T7,S1 obj,24,1.3070362338086294,1.3623295737120036
co2c0000388,control,T7,S2 nomatch,18,4.85820415782396,4.14845783050046
co2c0000388,control,T8,S1 obj,24,1.7772091301595976,3.5394905625319826
co2c0000388,control,T8,S2 nomatch,18,1.2697196926694798,5.912453321154223
co2c0000388,control,TP7,S1 obj,24,1.6642185445764823,1.9063808671527207
co2c0000388,control,TP7,S2 nomatch,18,2.857247820882242,2.100043390662379
co2c0000388,control,TP8,S1 obj,24,7.8423029834888345,5.835493407603027
co2c0000388,control,TP8,S2 nomatch,18,1.8710224120902104,4.088527232093165
co2c0000389,control,P7,S1 obj,51,2.1499881695307925,20.888657584388266
co2c0000389,control,P7,S2 nomatch,25,3.633164318949403,4.635285700371149
co2c0000389,control,P8,S1 obj,51,5.767353114406445,22.142054964582705
co2c0000389,control,P8,S2 nomatch,25,5.69532114528391,6.523718666557865
co2c0000389,control,PO7,S1 obj,51,3.4908235057165484,21.887062143230736
co2c0000389,control,PO7,S2 nomatch,25,3.221042819396931,4.366296198474645
co2c0000389,control,PO8,S1 obj,51,4.616927848267819,23.310878495908316
co2c0000389,control,PO8,S2 nomatch,25,2.3969317177763045,6.3174295413751
co2c0000389,control,T7,S1 obj,51,0.8633280693260988,2.6043999501855764
co2c0000389,control,T7,S2 nomatch,25,5.051990238452395,13.77786915760376
co2c0000389,control,T8,S1 obj,51,1.063384438964651,13.963698583123142
co2c0000389,control,T8,S2 nomatch,25,3.244127442857987,6.440560151361222
co2c0000389,control,TP7,S1 obj,51,1.4694636149660494,11.488700186568654
co2c0000389,control,TP7,S2 nomatch,25,4.228883629231262,6.753248741178779
co2c0000389,control,TP8,S1 obj,51,2.7971688780966093,5.636650668633104
co2c0000389,control,TP8,S2 nomatch,25,6.558458200889935,3.810761965128421
co2c0000390,control,P7,S1 obj,18,1.754457709420197,2.5712258859802253
co2c0000390,control,P7,S2 nomatch,21,3.8452481486603154,4.948889449023645
co2c0000390,control,P8,S1 obj,18,1.0163481709109694,1.6434886020337096
co2c0000390,control,P8,S2 nomatch,21,4.271178632746304,1.966752922178285
co2c0000390,control,PO7,S1 obj,18,3.0577010086370313,3.554723503679772
co2c0000390,control,PO7,S2 nomatch,21,4.969828510523266,2.9201815204359463
co2c0000390,control,PO8,S1 obj,18,2.6664317096987533,5.151209018012428
co2c0000390,control,PO8,S2 nomatch,21,4.104301613664111,1.6045555966456255
co2c0000390,control,T7,S1 obj,18,1.5279859001783584,4.113903034103911
co2c0000390,control,T7,S2 nomatch,21,3.2431670671344373,13.780281340449413
co2c0000390,control,T8,S1 obj,18,0.5752626933974871,1.1084946135550824
co2c0000390,control,T8,S2 nomatch,21,2.6611496250584015,2.545653581275329
co2c0000390,control,TP7,S1 obj,18,1.0928967914616194,1.812515317962533
co2c0000390,control,TP7,S2 nomatch,21,8.202916807117532,9.85108859252919
co2c0000390,control,TP8,S1 obj,18,0.34628310269093643,
co2c0000390,control,TP8,S2 nomatch,21,4.276510224116271,3.656956964176536
co2c0000391,control,P7,S1 obj,12,8.489782705069288,8.459678164183838
co2c0000391,control,P7,S2 nomatch,18,0.9357218585142584,5.904706166551536
co2c0000391,control,P8,S1 obj,12,1.2441767705632407,3.993126532260714
co2c0000391,control,P8,S2 nomatch,18,6.681650476789814,32.293038142205
co2c0000391,control,PO7,S1 obj,12,4.135313621098817,3.981330045951356
co2c0000391,control,PO7,S2 nomatch,18,4.130400791249887,3.75968557526507
co2c0000391,control,PO8,S1 obj,12,1.1206586761221589,3.622819576942025
co2c0000391,control,PO8,S2 nomatch,18,3.644767256272501,15.713937006793621
co2c0000391,control,T7,S1 obj,12,1.8422601626168615,2.8768834670859116
co2c0000391,control,T7,S2 nomatch,18,1.731810771817851,2.352349767922357
co2c0000391,control,T8,S1 obj,11,1.5719123623275626,4.1594534700539745
co2c0000391,control,T8,S2 nomatch,17,10.952998838872103,9.92629993933555
co2c0000391,control,TP7,S1 obj,12,1.319511212285041,1.8782402508580385
co2c0000391,control,TP7,S2 nomatch,18,1.6964329698800107,4.390763297663389
co2c0000391,control,TP8,S1 obj,12,1.136727163037045,4.081989973303792
co2c0000391,control,TP8,S2 nomatch,18,16.80138022392063,23.14253175998647
co2c0000392,control,P7,S1 obj,51,12.450782891845401,13.086155317766371
co2c0000392,control,P7,S2 nomatch,24,5.940519698911897,2.795567426932827
co2c0000392,control,P8,S1 obj,51,15.98992763363235,9.972967815334613
co2c0000392,control,P8,S2 nomatch,24,5.202527606936259,6.687592129502354
co2c0000392,control,PO7,S1 obj,50,23.78130893419593,21.354489262949947
co2c0000392,control,PO7,S2 nomatch,24,4.2686061020076655,2.794336172603435
co2c0000392,control,PO8,S1 obj,51,20.951198746770224,23.82666784213009
co2c0000392,control,PO8,S2 nomatch,24,7.832121019479827,5.763888024819339
co2c0000392,control,T7,S1 obj,51,1.319915349200241,7.929628262744086
co2c0000392,control,T7,S2 nomatch,24,2.3358677050798757,3.5117608974223122
co2c0000392,control,T8,S1 obj,51,1.6459364276109978,7.4968896669330976
co2c0000392,control,T8,S2 nomatch,24,0.6067894697704334,12.360262903413473
co2c0000392,control,TP7,S1 obj,51,4.294882634869169,6.326060935813001
co2c0000392,control,TP7,S2 nomatch,24,3.1040925020384726,2.609317173495434
co2c0000392,control,TP8,S1 obj,51,7.9836153233521285,5.301624659939896
co2c0000392,control,TP8,S2 nomatch,24,1.3163350768531776,7.083495643059953
co2c0000393,control,P7,S1 obj,50,12.121645079630662,8.363321873036355
co2c0000393,control,P7,S2 nomatch,30,21.716942193157326,15.698911371603332
co2c0000393,control,P8,S1 obj,50,7.926199190331569,8.504100386218937
co2c0000393,control,P8,S2 nomatch,30,16.955589366125245,28.968574206042163
co2c0000393,control,PO7,S1 obj,50,11.281477828366498,14.578591583384206
co2c0000393,control,PO7,S2 nomatch,30,14.532349400486131,20.331068842998484
co2c0000393,control,PO8,S1 obj,50,10.880994559035571,24.82787523496562
co2c0000393,control,PO8,S2 nomatch,30,18.996159486363094,29.395150915443953
co2c0000393,control,T7,S1 obj,50,5.736414015506382,5.189970068831269
co2c0000393,control,T7,S2 nomatch,30,10.311096083263962,8.683189290623874
co2c0000393,control,T8,S1 obj,50,5.102228664748642,3.2097849180693814
co2c0000393,control,T8,S2 nomatch,30,4.893993195235971,8.966771693839432
co2c0000393,control,TP7,S1 obj,50,10.525485640310832,8.681404845005018
co2c0000393,control,TP7,S2 nomatch,30,12.085637845914155,10.467878777676837
co2c0000393,control,TP8,S1 obj,50,5.978635704814992,9.316111880137024
co2c0000393,control,TP8,S2 nomatch,30,11.801856241279756,28.386201877447842
co2c0000394,control,P7,S1 obj,47,4.9363753206375085,6.591515432181308
co2c0000394,control,P7,S2 nomatch,19,21.272767145774736,16.921185253931682
co2c0000394,control,P8,S1 obj,48,8.934758971713698,9.918662917471051
co2c0000394,control,P8,S2 nomatch,18,7.665616002186494,10.060151996364661
co2c0000394,control,PO7,S1 obj,47,5.667134509905693,5.473294071947416
co2c0000394,control,PO7,S2 nomatch,19,11.119929548891236,18.053211748387074
co2c0000394,control,PO8,S1 obj,48,10.175958436005457,10.467943967523855
co2c0000394,control,PO8,S2 nomatch,18,8.11636566830102,13.460724992201886
co2c0000394,control,T7,S1 obj,47,1.7865669414014222,5.519802077585275
co2c0000394,control,T7,S2 nomatch,19,4.902458594350887,5.4365832414557405
co2c0000394,control,T8,S1 obj,47,3.176879348551759,16.04505200614971
co2c0000394,control,T8,S2 nomatch,19,1.5115989514754318,3.808873635146777
co2c0000394,control,TP7,S1 obj,47,3.015565767156159,6.698386946253164
co2c0000394,control,TP7,S2 nomatch,19,12.003317064052842,6.2162032242368745
co2c0000394,control,TP8,S1 obj,47,7.285025663998136,9.928276685479661
co2c0000394,control,TP8,S2 nomatch,19,2.2463283137527874,3.928903695710869
co2c0000395,control,P7,S1 obj,51,4.104478785051731,32.95937503339745
co2c0000395,control,P7,S2 nomatch,28,4.429953798326006,2.431488486032025
co2c0000395,control,P8,S1 obj,51,14.694522119118046,17.85921801026449
co2c0000395,control,P8,S2 nomatch,28,5.275749453224963,12.377522189243805
co2c0000395,control,PO7,S1 obj,51,5.370016212872451,34.26258507803786
co2c0000395,control,PO7,S2 nomatch,28,4.063326794057396,2.4887552341315033
co2c0000395,control,PO8,S1 obj,51,18.73906500824649,18.68678194448784
co2c0000395,control,PO8,S2 nomatch,28,7.335745715999979,11.1515015801074
co2c0000395,control,T7,S1 obj,51,2.345710253147503,3.837245233929784
co2c0000395,control,T7,S2 nomatch,28,3.50232138036728,2.2470365776850807
co2c0000395,control,T8,S1 obj,51,4.017772438758382,18.558830038847844
co2c0000395,control,T8,S2 nomatch,28,2.385418788643578,6.950711561079739
co2c0000395,control,TP7,S1 obj,51,3.3235537848615944,20.142321606176832
co2c0000395,control,TP7,S2 nomatch,28,3.2082357875987007,2.6760178772451977
co2c0000395,control,TP8,S1 obj,51,6.976147244203438,32.73935428145829
co2c0000395,control,TP8,S2 nomatch,28,3.8964303385138486,13.518965605725315
co2c0000396,control,P7,S1 obj,28,2.8628393217183983,4.535546304033239
co2c0000396,control,P7,S2 nomatch,10,1.1383058043152527,1.2342991217536314
co2c0000396,control,P8,S1 obj,28,3.294923431428072,4.438895496699274
co2c0000396,control,P8,S2 nomatch,11,1.8167867580323045,1.2719754863944908
co2c0000396,control,PO7,S1 obj,28,2.3130080324771147,3.503949518198166
co2c0000396,control,PO7,S2 nomatch,10,0.909839773669218,1.3671418343975124
co2c0000396,control,PO8,S1 obj,28,4.685306603548369,9.113598130323409
co2c0000396,control,PO8,S2 nomatch,11,2.0052774416473738,1.7782894546373327
co2c0000396,control,T7,S1 obj,28,3.4497063347802137,6.706388424499223
co2c0000396,control,T7,S2 nomatch,11,1.727570792744272,4.953661055021351
co2c0000396,control,T8,S1 obj,28,3.7809535078339107,3.919258023384952
co2c0000396,control,T8,S2 nomatch,11,1.9551371324089872,2.3294471998680057
co2c0000396,control,TP7,S1 obj,28,2.4519875764303842,4.333104928787232
co2c0000396,control,TP7,S2 nomatch,11,1.2528832784038075,4.089849975736443
co2c0000396,control,TP8,S1 obj,28,3.3754938521739954,4.535267998933
co2c0000396,control,TP8,S2 nomatch,11,1.815221498107868,2.7328953950030925
co2c0000397,control,P7,S1 obj,44,17.127152712324918,10.493460146568696
co2c0000397,control,P7,S2 nomatch,16,11.445063310850944,27.15389135795519
co2c0000397,control,P8,S1 obj,44,7.6975608095372605,23.87279209694092
co2c0000397,control,P8,S2 nomatch,16,6.602867138081928,2.798688267789221
co2c0000397,control,PO7,S1 obj,44,15.213936517383562,17.306555902275274
co2c0000397,control,PO7,S2 nomatch,16,7.693005948156988,11.074069205712988
co2c0000397,control,PO8,S1 obj,44,16.240651678495013,27.116412642580887
co2c0000397,control,PO8,S2 nomatch,16,5.724264376265765,2.583701604175368
co2c0000397,control,T7,S1 obj,44,5.72880108881589,22.51442279721981
co2c0000397,control,T7,S2 nomatch,16,5.37405378527131,2.015296598336631
co2c0000397,control,T8,S1 obj,44,4.273343612444846,6.357567861777456
co2c0000397,control,T8,S2 nomatch,16,1.0361708494284652,1.8062042376494944
co2c0000397,control,TP7,S1 obj,44,7.357237411661047,12.631924436724747
co2c0000397,control,TP7,S2 nomatch,16,5.670193284236689,17.94207035304786
co2c0000397,control,TP8,S1 obj,44,6.81412195962272,8.027740439405997
co2c0000397,control,TP8,S2 nomatch,16,3.0831684381582285,5.131978806358062
co2c1000367,control,P7,S1 obj,53,31.18062656145325,19.642449229757144
co2c1000367,control,P7,S2 nomatch,26,9.339720794630345,16.821214885677833
co2c1000367,control,P8,S1 obj,53,11.972491075006022,9.6174576051878
co2c1000367,control,P8,S2 nomatch,25,3.9410136315968383,4.696525706294955
co2c1000367,control,PO7,S1 obj,53,39.68617253806366,32.305264278300086
co2c1000367,control,PO7,S2 nomatch,26,11.016438415508723,22.139327692313323
co2c1000367,control,PO8,S1 obj,53,19.264683053324067,12.036399579470539
co2c1000367,control,PO8,S2 nomatch,24,6.019731592417573,8.476528342982789
co2c1000367,control,T7,S1 obj,52,2.217765895788206,11.057983317256117
co2c1000367,control,T7,S2 nomatch,26,3.4277868282024415,4.689420260216594
co2c1000367,control,T8,S1 obj,53,3.9409067148979826,5.368278282292191
co2c1000367,control,T8,S2 nomatch,26,4.0196597728516075,2.459286170098087
co2c1000367,control,TP7,S1 obj,53,13.893417477640812,8.391843394120638
co2c1000367,control,TP7,S2 nomatch,26,3.3290519600183544,15.351819796336517
co2c1000367,control,TP8,S1 obj,53,7.271307267553149,12.17154422293446
co2c1000367,control,TP8,S2 nomatch,26,2.6115123988282143,3.474353083717134
co3a0000453,alcoholic,P7,S1 obj,48,4.064316253636545,7.813531957121329
co3a0000453,alcoholic,P7,S2 nomatch,20,3.5766201237287323,9.531604755175035
co3a0000453,alcoholic,P8,S1 obj,48,12.94804053329966,10.190979423676866
co3a0000453,alcoholic,P8,S2 nomatch,20,4.0970619765797665,5.276655114266112
co3a0000453,alcoholic,PO7,S1 obj,48,3.8955326572310787,6.0146769995238
co3a0000453,alcoholic,PO7,S2 nomatch,20,3.9992465792992684,8.71279122249623
co3a0000453,alcoholic,PO8,S1 obj,48,12.55355271573687,7.191866189235046
co3a0000453,alcoholic,PO8,S2 nomatch,20,5.49177594670099,5.110947285606013
co3a0000453,alcoholic,T7,S1 obj,48,2.373091454800428,10.97356808785395
co3a0000453,alcoholic,T7,S2 nomatch,20,2.9956688351953265,20.501467449619053
co3a0000453,alcoholic,T8,S1 obj,48,5.564956208645937,11.16470687182094
co3a0000453,alcoholic,T8,S2 nomatch,20,1.8007124582809113,1.7872174164185342
co3a0000453,alcoholic,TP7,S1 obj,48,2.816906849761617,10.256651787463415
co3a0000453,alcoholic,TP7,S2 nomatch,20,3.2408730980939695,12.096414547485361
co3a0000453,alcoholic,TP8,S1 obj,48,9.94238812280594,13.106922056856083
co3a0000453,alcoholic,TP8,S2 nomatch,20,3.0425561285202494,2.5063252581545017
co3a0000454,alcoholic,P7,S1 obj,40,6.3156443101400415,2.9885787928545966
co3a0000454,alcoholic,P7,S2 nomatch,15,1.1719608026684458,1.3573037581439216
co3a0000454,alcoholic,P8,S1 obj,40,8.315189613329384,2.8435847194278345
co3a0000454,alcoholic,P8,S2 nomatch,15,6.167582721254019,3.59222250382213
co3a0000454,alcoholic,PO7,S1 obj,40,11.275491626186419,10.603057947503448
co3a0000454,alcoholic,PO7,S2 nomatch,15,2.288168877971808,3.94519776907416
co3a0000454,alcoholic,PO8,S1 obj,40,2.5375960150243575,9.415602039994923
co3a0000454,alcoholic,PO8,S2 nomatch,15,2.675516470757704,1.6838394441192341
co3a0000454,alcoholic,T7,S1 obj,40,3.208013761632074,3.856843378577024
co3a0000454,alcoholic,T7,S2 nomatch,15,1.262699687364526,3.270865198274475
co3a0000454,alcoholic,T8,S1 obj,40,4.911190975985048,38.57545071465941
co3a0000454,alcoholic,T8,S2 nomatch,15,0.9677130162229967,1.8003144171146523
co3a0000454,alcoholic,TP7,S1 obj,40,2.072697801299217,2.969468269944522
co3a0000454,alcoholic,TP7,S2 nomatch,15,0.7183711563097674,2.8819526416122154
co3a0000454,alcoholic,TP8,S1 obj,40,4.931117685430401,7.9354432403423
co3a0000454,alcoholic,TP8,S2 nomatch,15,3.36531848602084,6.54292015488753
co3a0000459,alcoholic,P7,S1 obj,53,6.842104169202141,2.751892035948431
co3a0000459,alcoholic,P7,S2 nomatch,25,8.48368521593147,16.43937672680732
co3a0000459,alcoholic,P8,S1 obj,53,6.35387728590782,9.098511654623136
co3a0000459,alcoholic,P8,S2 nomatch,25,14.195263812237119,8.580421230504092
co3a0000459,alcoholic,PO7,S1 obj,53,10.13780809093662,4.7293175751912315
co3a0000459,alcoholic,PO7,S2 nomatch,25,18.69039764276899,29.066502671895936
co3a0000459,alcoholic,PO8,S1 obj,53,9.988643759130788,10.931067693310299
co3a0000459,alcoholic,PO8,S2 nomatch,25,16.393165053153627,13.753682669880755
co3a0000459,alcoholic,T7,S1 obj,53,2.8453154152258975,13.042301931167911
co3a0000459,alcoholic,T7,S2 nomatch,25,9.944450148965453,11.487342112873115
co3a0000459,alcoholic,T8,S1 obj,53,1.7079609556089892,5.242615291677269
co3a0000459,alcoholic,T8,S2 nomatch,25,7.033718080375815,2.3907492545385085
co3a0000459,alcoholic,TP7,S1 obj,53,3.769001319106385,9.169662182237632
co3a0000459,alcoholic,TP7,S2 nomatch,25,10.864312482866476,15.625663606610177
co3a0000459,alcoholic,TP8,S1 obj,53,3.7214496223296454,5.747215288291585
co3a0000459,alcoholic,TP8,S2 nomatch,25,7.333662508880931,7.2408683448282165
co3a0000460,alcoholic,P7,S1 obj,59,6.912014996079646,7.104099139713092
co3a0000460,alcoholic,P7,S2 nomatch,27,9.303807072680353,18.310994006059687
co3a0000460,alcoholic,P8,S1 obj,59,1.8879967110985707,18.77255966333589
co3a0000460,alcoholic,P8,S2 nomatch,27,3.6444956218029056,10.252061292148491
co3a0000460,alcoholic,PO7,S1 obj,59,7.769084845519181,10.391546196146866
co3a0000460,alcoholic,PO7,S2 nomatch,27,7.1392474889249655,10.480692845307592
co3a0000460,alcoholic,PO8,S1 obj,59,3.972961079620495,11.323271850099696
co3a0000460,alcoholic,PO8,S2 nomatch,27,4.574583590969713,43.942566473892796
co3a0000460,alcoholic,T7,S1 obj,59,2.061209459594877,9.738824525937453
co3a0000460,alcoholic,T7,S2 nomatch,27,5.144710820339482,5.117822645211665
co3a0000460,alcoholic,T8,S1 obj,59,1.59250015690201,29.71601559235817
co3a0000460,alcoholic,T8,S2 nomatch,27,2.075715023109415,12.372988804817053
co3a0000460,alcoholic,TP7,S1 obj,59,2.3586425231971613,21.646684926131954
co3a0000460,alcoholic,TP7,S2 nomatch,27,6.209925988572396,15.393485979877811
co3a0000460,alcoholic,TP8,S1 obj,59,1.0127925380139648,8.827198813404031
co3a0000460,alcoholic,TP8,S2 nomatch,27,3.0386632253256423,15.5141905257903
co3a0000461,alcoholic,P7,S1 obj,13,2.8444861297581037,2.5491137000745114
co3a0000461,alcoholic,P7,S2 nomatch,29,17.4683588924993,4.396880572615461
co3a0000461,alcoholic,P8,S1 obj,13,4.665995190536268,4.7390266787076625
co3a0000461,alcoholic,P8,S2 nomatch,29,18.37175180780931,15.43560002132189
co3a0000461,alcoholic,PO7,S1 obj,13,4.286603053848558,7.604520510184232
co3a0000461,alcoholic,PO7,S2 nomatch,29,15.624421107517435,5.5001857831971
co3a0000461,alcoholic,PO8,S1 obj,13,5.026647131259114,8.442142236279096
co3a0000461,alcoholic,PO8,S2 nomatch,29,20.031716862652495,10.728438815047559
co3a0000461,alcoholic,T7,S1 obj,13,0.985727688030812,1.8228594412433685
co3a0000461,alcoholic,T7,S2 nomatch,29,1.577915794952149,2.949510107829622
co3a0000461,alcoholic,T8,S1 obj,13,0.5901220717777381,2.0571102947553377
co3a0000461,alcoholic,T8,S2 nomatch,29,1.6629297011850475,7.340622025127841
co3a0000461,alcoholic,TP7,S1 obj,13,2.151435375866222,3.146832030264046
co3a0000461,alcoholic,TP7,S2 nomatch,29,3.658454759563623,2.4354272505176646
co3a0000461,alcoholic,TP8,S1 obj,13,5.439606945873011,7.426096936755684
co3a0000461,alcoholic,TP8,S2 nomatch,29,5.608047601888106,28.80039101564699
co3c0000402,control,P7,S1 obj,54,13.901706458339536,19.554403222386114
co3c0000402,control,P7,S2 nomatch,27,8.572680215986301,7.95311489843229
co3c0000402,control,P8,S1 obj,54,75.05279393616627,57.44261449197323
co3c0000402,control,P8,S2 nomatch,27,9.612746565149193,8.311417091368696
co3c0000402,control,PO7,S1 obj,54,31.165161091923338,92.15763579754196
co3c0000402,control,PO7,S2 nomatch,27,13.01653673546092,11.012406964571799
co3c0000402,control,PO8,S1 obj,54,70.93301246299016,47.26155750671467
co3c0000402,control,PO8,S2 nomatch,27,16.26410366407998,14.817417761455673
co3c0000402,control,T7,S1 obj,54,7.1082327472787386,19.83770497599798
co3c0000402,control,T7,S2 nomatch,27,3.5524767300754583,9.06132323885508
co3c0000402,control,T8,S1 obj,54,6.844249121275987,19.90201776570798
co3c0000402,control,T8,S2 nomatch,27,2.757074667261431,5.814371250666591
co3c0000402,control,TP7,S1 obj,54,5.990900019078775,16.837337895691345
co3c0000402,control,TP7,S2 nomatch,27,5.602662424931781,8.02432515695022
co3c0000402,control,TP8,S1 obj,54,23.89952639139391,29.54696063647985
co3c0000402,control,TP8,S2 nomatch,27,5.667077028806125,6.377641150001268
