sujeto,grupo,canal,condicion,n_trials,peso_min,peso_max,peso_efectivo
co2a0000364,alcoholic,P8,S1 obj,40,0.0,0.10541812408743852,20.643005195430252
co2a0000364,alcoholic,P8,S2 match,26,0.0,0.08063867590646565,19.715516901058784
co2a0000364,alcoholic,P8,S2 nomatch,21,0.0,0.11534941565231299,13.558526798145113
co2a0000364,alcoholic,PO8,S1 obj,40,0.0,0.08559097845379031,19.577091718965868
co2a0000364,alcoholic,PO8,S2 match,26,0.0,0.11941336994128793,13.098544259275215
co2a0000364,alcoholic,PO8,S2 nomatch,21,0.0,0.20466936623448734,10.316162444269763
co2a0000364,alcoholic,T8,S1 obj,40,0.0,0.11169284595682791,16.806996404529603
co2a0000364,alcoholic,T8,S2 match,26,0.0,0.153111175937912,13.197169296173541
co2a0000364,alcoholic,T8,S2 nomatch,21,0.000807054393658156,0.09950476306075227,15.661961741937585
co2a0000364,alcoholic,TP8,S1 obj,40,0.0,0.11498502598593337,18.867820398412448
co2a0000364,alcoholic,TP8,S2 match,26,0.0,0.07786007480659876,18.79396660904027
co2a0000364,alcoholic,TP8,S2 nomatch,21,0.0,0.1579227018346721,12.529105737912532
co2a0000365,alcoholic,P8,S1 obj,49,0.0,0.06337726079386664,25.06095813185237
co2a0000365,alcoholic,P8,S2 match,19,0.0,0.16771189100894224,10.966877136342273
co2a0000365,alcoholic,P8,S2 nomatch,22,0.0,0.151353536701113,10.506302155463583
co2a0000365,alcoholic,PO8,S1 obj,49,0.0,0.0671416570716865,26.352236286688658
co2a0000365,alcoholic,PO8,S2 match,19,0.0,0.16879781467936028,11.234496006716288
co2a0000365,alcoholic,PO8,S2 nomatch,22,0.0,0.13816757667162646,12.415726284914191
co2a0000365,alcoholic,T8,S1 obj,49,0.0,0.06225953912073154,26.56085804533612
co2a0000365,alcoholic,T8,S2 match,19,0.0,0.2068619582570276,9.926808462175487
co2a0000365,alcoholic,T8,S2 nomatch,22,0.0,0.14523078500688805,11.608309264688993
co2a0000365,alcoholic,TP8,S1 obj,49,0.0,0.12746741148266258,17.504259477010596
co2a0000365,alcoholic,TP8,S2 match,19,0.0,0.25685351242966564,7.80180779839656
co2a0000365,alcoholic,TP8,S2 nomatch,22,0.0,0.11515413365939588,13.067383058744591
co2a0000368,alcoholic,P8,S1 obj,39,0.0,0.09796819914737975,20.195461852943804
co2a0000368,alcoholic,P8,S2 match,14,0.0,0.2303903936928003,7.579410406242079
co2a0000368,alcoholic,P8,S2 nomatch,20,0.0,0.17547784815269446,10.604362822103951
co2a0000368,alcoholic,PO8,S1 obj,39,0.0,0.07563207053487699,19.760910810435448
co2a0000368,alcoholic,PO8,S2 match,14,0.0,0.19035177585391302,6.816328431417278
co2a0000368,alcoholic,PO8,S2 nomatch,20,0.0,0.15956836524478712,9.964735451361332
co2a0000368,alcoholic,T8,S1 obj,39,0.0,0.1305247046402717,16.44627193519503
co2a0000368,alcoholic,T8,S2 match,14,0.0,0.21828976461972463,7.177506943669297
co2a0000368,alcoholic,T8,S2 nomatch,20,0.0,0.17171255797674947,9.294182950821442
co2a0000368,alcoholic,TP8,S1 obj,39,0.0,0.1138808496506529,17.721164137243086
co2a0000368,alcoholic,TP8,S2 match,14,0.0,0.21566052053202558,7.056242946186796
co2a0000368,alcoholic,TP8,S2 nomatch,20,0.0,0.17431527199706331,9.921265781644143
co2a0000369,alcoholic,P8,S1 obj,58,0.0,0.07587464334868176,25.772976471328384
co2a0000369,alcoholic,P8,S2 match,29,0.0,0.11697386653449501,15.478159372811628
co2a0000369,alcoholic,P8,S2 nomatch,26,0.0,0.1740682911758298,12.74873323939786
co2a0000369,alcoholic,PO8,S1 obj,58,0.0,0.08011946831462724,26.37683843304333
co2a0000369,alcoholic,PO8,S2 match,29,0.0,0.1433494589472283,13.197667026180254
co2a0000369,alcoholic,PO8,S2 nomatch,26,0.0,0.2076592067875013,11.78347548329022
co2a0000369,alcoholic,T8,S1 obj,58,0.0,0.07851006071041551,25.160026528328988
co2a0000369,alcoholic,T8,S2 match,29,0.0,0.11198588063467259,16.093570217808917
co2a0000369,alcoholic,T8,S2 nomatch,26,0.0,0.1725011781820429,11.418788010695398
co2a0000369,alcoholic,TP8,S1 obj,58,0.0,0.0714322958167329,24.29233775608549
co2a0000369,alcoholic,TP8,S2 match,29,0.0,0.10688024441493969,15.658717014484406
co2a0000369,alcoholic,TP8,S2 nomatch,26,0.0,0.17346113012113423,12.090000224960804
co2a0000370,alcoholic,P8,S1 obj,59,0.0,0.052897204365720506,31.770215266801674
co2a0000370,alcoholic,P8,S2 match,28,0.0,0.0684468828539286,21.152427305780886
co2a0000370,alcoholic,P8,S2 nomatch,29,0.0,0.08471113959975476,17.550547622652566
co2a0000370,alcoholic,PO8,S1 obj,59,0.0,0.04355652559649312,34.66051137319683
co2a0000370,alcoholic,PO8,S2 match,28,0.0,0.07041209045761487,21.669697561343604
co2a0000370,alcoholic,PO8,S2 nomatch,29,0.0,0.06744401519629,19.661821082003634
co2a0000370,alcoholic,T8,S1 obj,59,0.0,0.06394831096271007,32.44014128359118
co2a0000370,alcoholic,T8,S2 match,28,0.0,0.09800625553988676,18.280554588016738
co2a0000370,alcoholic,T8,S2 nomatch,29,0.0,0.10511402869246267,16.2966219840951
co2a0000370,alcoholic,TP8,S1 obj,59,0.0,0.049263449634957164,31.79370336841727
co2a0000370,alcoholic,TP8,S2 match,28,0.0,0.07448195991923935,20.828216358203232
co2a0000370,alcoholic,TP8,S2 nomatch,29,0.0,0.08919260975722301,17.24187916084461
co2a0000371,alcoholic,P8,S1 obj,53,0.0,0.08460941601011673,27.0217913261097
co2a0000371,alcoholic,P8,S2 match,25,0.0,0.09209222761517585,17.259114453839928
co2a0000371,alcoholic,P8,S2 nomatch,28,0.0,0.08906871590235334,19.562571548959966
co2a0000371,alcoholic,PO8,S1 obj,53,0.0,0.05428829486403789,27.057899520977553
co2a0000371,alcoholic,PO8,S2 match,25,0.0,0.0866349522577661,18.070183711534682
co2a0000371,alcoholic,PO8,S2 nomatch,28,0.0,0.10834727790028205,17.174618441905388
co2a0000371,alcoholic,T8,S1 obj,53,0.0,0.06419006049348201,26.155071494202915
co2a0000371,alcoholic,T8,S2 match,25,0.0,0.09945960268522788,15.869119757617495
co2a0000371,alcoholic,T8,S2 nomatch,28,0.0,0.09033919418167836,17.47303630102449
co2a0000371,alcoholic,TP8,S1 obj,53,0.0,0.07446493966831669,27.318461675865773
co2a0000371,alcoholic,TP8,S2 match,25,0.0,0.09334599560190081,16.23224369628119
co2a0000371,alcoholic,TP8,S2 nomatch,28,0.0,0.09401077805611704,16.19599930764946
co2a0000372,alcoholic,P8,S1 obj,57,0.0,0.062851481282291,35.359751084851425
co2a0000372,alcoholic,P8,S2 match,29,0.012002330646736609,0.07175699934602559,24.233934127551816
co2a0000372,alcoholic,P8,S2 nomatch,29,0.0,0.08620093442438255,19.518170659987106
co2a0000372,alcoholic,PO8,S1 obj,57,0.0,0.06519593974121228,37.66213264742152
co2a0000372,alcoholic,PO8,S2 match,29,0.009466761200146348,0.06157277447899521,25.46852845844207
co2a0000372,alcoholic,PO8,S2 nomatch,29,0.0,0.0890680266656574,19.875938699131456
co2a0000372,alcoholic,T8,S1 obj,57,0.0,0.0621635943298797,27.60823736654747
co2a0000372,alcoholic,T8,S2 match,29,0.0,0.07085027260769414,21.73238116984858
co2a0000372,alcoholic,T8,S2 nomatch,29,0.0,0.08524432410107996,16.041836337519882
co2a0000372,alcoholic,TP8,S1 obj,57,0.0,0.05855091487283274,31.645181772824834
co2a0000372,alcoholic,TP8,S2 match,29,0.005212366017577486,0.0752268467955006,23.205968391447975
co2a0000372,alcoholic,TP8,S2 nomatch,29,0.0,0.0863850796839849,18.851839126186032
co2a0000375,alcoholic,P8,S1 obj,39,0.0,0.10898427783638837,17.380435997947018
co2a0000375,alcoholic,P8,S2 match,24,0.0,0.20024076322095158,10.234244632423005
co2a0000375,alcoholic,P8,S2 nomatch,22,0.0,0.21603295600064346,8.33357175977636
co2a0000375,alcoholic,PO8,S1 obj,39,0.0,0.1279241189795403,15.0847687711628
co2a0000375,alcoholic,PO8,S2 match,24,0.0,0.1792264261027683,11.363776593792291
co2a0000375,alcoholic,PO8,S2 nomatch,22,0.0,0.24222541297025899,8.077299241522633
co2a0000375,alcoholic,T8,S1 obj,39,0.0,0.11293796812682808,15.182738570553475
co2a0000375,alcoholic,T8,S2 match,24,0.0,0.12228765036158591,13.017021675562038
co2a0000375,alcoholic,T8,S2 nomatch,22,0.0,0.20228055727213767,8.668427140733868
co2a0000375,alcoholic,TP8,S1 obj,39,0.0,0.09163337661869181,18.503348821144634
co2a0000375,alcoholic,TP8,S2 match,24,0.0,0.15081118830978893,12.588353986866675
co2a0000375,alcoholic,TP8,S2 nomatch,22,0.0,0.21564284309777992,8.375139614666864
co2a0000377,alcoholic,P8,S1 obj,50,0.0,0.10367476232631213,18.927085094306193
co2a0000377,alcoholic,P8,S2 match,25,0.0,0.08548128670023256,16.036500316001177
co2a0000377,alcoholic,P8,S2 nomatch,25,0.0,0.12253203038013397,13.053887642424744
co2a0000377,alcoholic,PO8,S1 obj,50,0.0,0.08524552365774862,22.040942626151438
co2a0000377,alcoholic,PO8,S2 match,25,0.0,0.10444389832279243,16.60026051728838
co2a0000377,alcoholic,PO8,S2 nomatch,25,0.0,0.10219828153425982,14.514174806100199
co2a0000377,alcoholic,T8,S1 obj,50,0.0,0.06799243886624998,27.899607527137935
co2a0000377,alcoholic,T8,S2 match,25,0.0,0.09182396501698092,14.99645692555078
co2a0000377,alcoholic,T8,S2 nomatch,25,0.0,0.11434403220966027,14.124977548943493
co2a0000377,alcoholic,TP8,S1 obj,50,0.0,0.10676658794802579,19.636198656228448
co2a0000377,alcoholic,TP8,S2 match,25,0.0,0.08807501865256431,15.655745035205282
co2a0000377,alcoholic,TP8,S2 nomatch,25,0.0,0.11604774887779676,13.80163170217896
co2a0000378,alcoholic,P8,S1 obj,56,0.0,0.06289311158124243,33.9208157178972
co2a0000378,alcoholic,P8,S2 match,27,0.0,0.10773097025407385,15.776924949929601
co2a0000378,alcoholic,P8,S2 nomatch,29,0.0,0.13770457185464327,14.972407606783964
co2a0000378,alcoholic,PO8,S1 obj,56,0.0,0.04244562890470304,38.68219864988022
co2a0000378,alcoholic,PO8,S2 match,27,0.0,0.1187541477497118,15.48313467029955
co2a0000378,alcoholic,PO8,S2 nomatch,28,0.0,0.10917738717088624,16.803693769518883
co2a0000378,alcoholic,T8,S1 obj,56,0.0,0.08985271222077121,22.310588617383683
co2a0000378,alcoholic,T8,S2 match,27,0.0,0.14258665474229731,12.736118135212166
co2a0000378,alcoholic,T8,S2 nomatch,29,0.0,0.11567917666251196,16.4828772070831
co2a0000378,alcoholic,TP8,S1 obj,56,0.0,0.06538576930965624,28.914708390665925
co2a0000378,alcoholic,TP8,S2 match,27,0.0,0.1361137974020717,14.11238461983795
co2a0000378,alcoholic,TP8,S2 nomatch,29,0.0,0.13657805097749465,14.34499605360788
co2a0000379,alcoholic,P8,S1 obj,54,0.0,0.04912136808229407,35.3619402163831
co2a0000379,alcoholic,P8,S2 match,27,0.0,0.13232716337173137,13.050431942157426
co2a0000379,alcoholic,P8,S2 nomatch,26,0.0,0.1060457373935751,13.640527960953166
co2a0000379,alcoholic,PO8,S1 obj,54,0.0,0.07402467052723573,29.062204700355036
co2a0000379,alcoholic,PO8,S2 match,27,0.0,0.1323341920671261,13.430081023862888
co2a0000379,alcoholic,PO8,S2 nomatch,26,0.0,0.10111933345148745,14.656424207313782
co2a0000379,alcoholic,T8,S1 obj,53,0.0,0.08654996425871245,21.684972904823677
co2a0000379,alcoholic,T8,S2 match,27,0.0,0.14960232725601327,11.21373347837307
co2a0000379,alcoholic,T8,S2 nomatch,26,0.0,0.1531988811118753,10.410267861390182
co2a0000379,alcoholic,TP8,S1 obj,54,0.0,0.07584444456482141,24.828314739040607
co2a0000379,alcoholic,TP8,S2 match,27,0.0,0.1375476785084987,13.030318179780956
co2a0000379,alcoholic,TP8,S2 nomatch,26,0.0,0.08849083883348416,16.252112043904646
co2a0000380,alcoholic,P8,S1 obj,43,0.0,0.0900802714231865,21.391058807471982
co2a0000380,alcoholic,P8,S2 match,23,0.0,0.12993885838472008,13.347589182361485
co2a0000380,alcoholic,P8,S2 nomatch,21,0.0,0.11995619303511909,13.20435263338512
co2a0000380,alcoholic,PO8,S1 obj,43,0.0,0.07882358924754672,23.188700326639594
co2a0000380,alcoholic,PO8,S2 match,23,0.0,0.10920002038820546,14.874285552735817
co2a0000380,alcoholic,PO8,S2 nomatch,21,0.0,0.11826929449380023,14.83024985602826
co2a0000380,alcoholic,T8,S1 obj,43,0.0,0.08494083914192727,21.04850209415069
co2a0000380,alcoholic,T8,S2 match,23,0.0,0.1425873353329355,14.05988135857117
co2a0000380,alcoholic,T8,S2 nomatch,21,0.0,0.2295395655840432,9.610612120254759
co2a0000380,alcoholic,TP8,S1 obj,43,0.0,0.08065605556998308,22.14392859152466
co2a0000380,alcoholic,TP8,S2 match,23,0.0,0.10758071849386616,13.455113754894787
co2a0000380,alcoholic,TP8,S2 nomatch,21,0.0,0.136498747572065,14.156460550642993
co2a0000381,alcoholic,P8,S1 obj,54,0.0,0.048705869725270724,36.97094211927471
co2a0000381,alcoholic,P8,S2 match,22,0.0,0.13168598944349402,13.310026166912412
co2a0000381,alcoholic,P8,S2 nomatch,23,0.0,0.12551830918918302,13.31318231872651
co2a0000381,alcoholic,PO8,S1 obj,54,0.0,0.045969645095137505,41.26886482982348
co2a0000381,alcoholic,PO8,S2 match,22,0.0,0.16159400867510224,11.88377486898616
co2a0000381,alcoholic,PO8,S2 nomatch,23,0.0,0.11199360059692903,14.138954685158899
co2a0000381,alcoholic,T8,S1 obj,54,0.0,0.0660491866725932,27.476583650469067
co2a0000381,alcoholic,T8,S2 match,22,0.0,0.2019846783610886,9.268815711495524
co2a0000381,alcoholic,T8,S2 nomatch,23,0.0,0.1820745763691316,9.765268967290334
co2a0000381,alcoholic,TP8,S1 obj,54,0.0,0.048707900695820545,34.87938509078308
co2a0000381,alcoholic,TP8,S2 match,22,0.0,0.12222353477860254,12.334659829273878
co2a0000381,alcoholic,TP8,S2 nomatch,23,0.0,0.1499495538439647,11.871320294816785
co2a0000382,alcoholic,P8,S1 obj,58,0.0,0.06292595367368689,27.92375990779707
co2a0000382,alcoholic,P8,S2 match,28,0.0,0.10509028874595945,15.597141802284984
co2a0000382,alcoholic,P8,S2 nomatch,26,0.0,0.14749222756254118,12.014576908525799
co2a0000382,alcoholic,PO8,S1 obj,58,0.0,0.06049134010545199,30.71397365180317
co2a0000382,alcoholic,PO8,S2 match,28,0.0,0.09829289789668667,15.590322966295975
co2a0000382,alcoholic,PO8,S2 nomatch,26,0.0,0.14837014089835096,12.177622365869164
co2a0000382,alcoholic,T8,S1 obj,58,0.0,0.06721210297770641,25.148400399755566
co2a0000382,alcoholic,T8,S2 match,28,0.0,0.11028149016463328,15.994315005780296
co2a0000382,alcoholic,T8,S2 nomatch,26,0.0,0.1374566205352375,11.755796966789099
co2a0000382,alcoholic,TP8,S1 obj,58,0.0,0.060344343270593806,26.103478884709666
co2a0000382,alcoholic,TP8,S2 match,28,0.0,0.1023349874084451,15.887823586783213
co2a0000382,alcoholic,TP8,S2 nomatch,26,0.0,0.1355047245205244,12.448461182300857
co2a0000384,alcoholic,P8,S1 obj,49,0.0,0.060254956021147374,28.03309634563815
co2a0000384,alcoholic,P8,S2 match,21,0.0,0.12560368179579712,12.9249663325966
co2a0000384,alcoholic,P8,S2 nomatch,29,0.0,0.0781918629627661,19.014909132118216
co2a0000384,alcoholic,PO8,S1 obj,49,0.0,0.0637685872507117,27.533833940128915
co2a0000384,alcoholic,PO8,S2 match,21,0.0,0.12500542528745068,13.317230352521094
co2a0000384,alcoholic,PO8,S2 nomatch,29,0.0,0.07110066482445368,22.49996823923033
co2a0000384,alcoholic,T8,S1 obj,49,0.0,0.12425961610294792,18.124738371952013
co2a0000384,alcoholic,T8,S2 match,21,0.0,0.13322657212117006,12.7140473367715
co2a0000384,alcoholic,T8,S2 nomatch,29,0.0,0.11249205481786906,14.120182653307632
co2a0000384,alcoholic,TP8,S1 obj,49,0.0,0.07507965260797907,27.101784050787135
co2a0000384,alcoholic,TP8,S2 match,21,0.0,0.12099607431976633,14.647403639836094
co2a0000384,alcoholic,TP8,S2 nomatch,29,0.0,0.09054373955438366,19.104375504311236
co2a0000385,alcoholic,P8,S1 obj,39,0.0,0.08082915096267543,21.639613356830555
co2a0000385,alcoholic,P8,S2 match,14,0.0,0.2238736716604933,6.326492520613376
co2a0000385,alcoholic,P8,S2 nomatch,14,0.0,0.3123108747603566,4.481143494319579
co2a0000385,alcoholic,PO8,S1 obj,39,0.0,0.06049857803284705,27.307453964577267
co2a0000385,alcoholic,PO8,S2 match,14,0.0,0.2188283530521411,6.811223602249143
co2a0000385,alcoholic,PO8,S2 nomatch,14,0.0,0.2187602056084709,6.6680958444732665
co2a0000385,alcoholic,T8,S1 obj,39,0.0,0.1333380644486167,16.495558257569158
co2a0000385,alcoholic,T8,S2 match,14,0.0,0.18123235145133743,7.32090001139679
co2a0000385,alcoholic,T8,S2 nomatch,14,0.0,0.18550737181637614,7.811155459033864
co2a0000385,alcoholic,TP8,S1 obj,39,0.0,0.10123367165641267,19.86875665324379
co2a0000385,alcoholic,TP8,S2 match,14,0.0,0.18790327070490065,7.593553225325019
co2a0000385,alcoholic,TP8,S2 nomatch,14,0.0,0.24270540279752145,6.545953403430081
co2a0000386,alcoholic,P8,S1 obj,35,0.0,0.0985447827236553,16.780652067505983
co2a0000386,alcoholic,P8,S2 match,18,0.0,0.17511279877385139,8.94179500108215
co2a0000386,alcoholic,P8,S2 nomatch,17,0.0,0.14196449600557007,10.672047017800873
co2a0000386,alcoholic,PO8,S1 obj,35,0.0,0.11798566580738212,18.339806496430462
co2a0000386,alcoholic,PO8,S2 match,18,0.0,0.17827520733512156,8.967226283958025
co2a0000386,alcoholic,PO8,S2 nomatch,17,0.0,0.13786315206643981,10.499470678988363
co2a0000386,alcoholic,T8,S1 obj,35,0.0,0.15837545241410447,14.10876956263591
co2a0000386,alcoholic,T8,S2 match,18,0.0,0.16680602529671198,10.156316307034775
co2a0000386,alcoholic,T8,S2 nomatch,17,0.0,0.1461439615325724,10.655465654303013
co2a0000386,alcoholic,TP8,S1 obj,35,0.0,0.14532375958371152,12.578385899688444
co2a0000386,alcoholic,TP8,S2 match,18,0.0,0.14631869868287534,10.063277196304453
co2a0000386,alcoholic,TP8,S2 nomatch,17,0.0,0.19539156406812583,8.635894865889977
co2a0000387,alcoholic,P8,S1 obj,34,0.0,0.09388668809013533,20.20035687232501
co2a0000387,alcoholic,P8,S2 match,15,0.0,0.16015153388970277,9.03737678594923
co2a0000387,alcoholic,P8,S2 nomatch,16,0.0,0.18087540550990372,7.828768174352423
co2a0000387,alcoholic,PO8,S1 obj,34,0.0,0.08030449321717893,22.278080912958423
co2a0000387,alcoholic,PO8,S2 match,15,0.0,0.17484123202400592,9.174881992594255
co2a0000387,alcoholic,PO8,S2 nomatch,16,0.0,0.18722937531645148,8.829575990377208
co2a0000387,alcoholic,T8,S1 obj,34,0.0,0.1536867507810586,14.244987705614623
co2a0000387,alcoholic,T8,S2 match,15,0.0,0.14794671449930535,11.050771587846834
co2a0000387,alcoholic,T8,S2 nomatch,17,0.0,0.17471669768652293,8.645494940980733
co2a0000387,alcoholic,TP8,S1 obj,34,0.0,0.11730747699379097,18.074314257427652
co2a0000387,alcoholic,TP8,S2 match,15,0.0,0.1618063528182489,10.287329038059243
co2a0000387,alcoholic,TP8,S2 nomatch,17,0.0,0.1653502512609377,8.001954329505024
co2a0000388,alcoholic,P8,S1 obj,38,0.0,0.202781687590004,13.447164425989605
co2a0000388,alcoholic,P8,S2 match,25,0.0,0.1133820381073994,13.9406977681699
co2a0000388,alcoholic,P8,S2 nomatch,24,0.0,0.1396806529876936,12.259461805431553
co2a0000388,alcoholic,PO8,S1 obj,38,0.0,0.07192224781716824,23.131388831670694
co2a0000388,alcoholic,PO8,S2 match,25,0.0,0.15586994945601396,11.945905123731654
co2a0000388,alcoholic,PO8,S2 nomatch,24,0.0,0.12623349719890006,12.810749169916404
co2a0000388,alcoholic,T8,S1 obj,38,0.0,0.11171798805792031,21.06242457022701
co2a0000388,alcoholic,T8,S2 match,25,0.0,0.11540704040596698,14.300883758650558
co2a0000388,alcoholic,T8,S2 nomatch,24,0.0,0.09808235187879111,17.93613476702337
co2a0000388,alcoholic,TP8,S1 obj,38,0.0,0.15137444749752071,17.980164672157457
co2a0000388,alcoholic,TP8,S2 match,25,0.0,0.11506656730863085,13.524166354131234
co2a0000388,alcoholic,TP8,S2 nomatch,24,0.0,0.1403058729211876,11.930823736014663
co2a0000390,alcoholic,P8,S1 obj,51,0.0,0.10847582843786924,18.02544618140944
co2a0000390,alcoholic,P8,S2 match,27,0.0,0.14813088341236494,12.719413331113309
co2a0000390,alcoholic,P8,S2 nomatch,26,0.0,0.06292768018166899,21.500328439117883
co2a0000390,alcoholic,PO8,S1 obj,51,0.0,0.121585210184492,16.760729132459637
co2a0000390,alcoholic,PO8,S2 match,27,0.0,0.1432489506884162,13.560653152371545
co2a0000390,alcoholic,PO8,S2 nomatch,26,0.0,0.07877576047446776,19.63637494077753
co2a0000390,alcoholic,T8,S1 obj,51,0.0,0.08482628045501202,19.836578136454477
co2a0000390,alcoholic,T8,S2 match,27,0.0,0.14914213849441665,12.122406849631364
co2a0000390,alcoholic,T8,S2 nomatch,26,0.0,0.12848066593939236,14.895059688368411
co2a0000390,alcoholic,TP8,S1 obj,51,0.0,0.09941016806305876,19.470490293130172
co2a0000390,alcoholic,TP8,S2 match,27,0.0,0.14737930566705118,12.681852194785009
co2a0000390,alcoholic,TP8,S2 nomatch,26,0.0,0.06342517297174553,20.950882097201124
co2a0000392,alcoholic,P8,S1 obj,42,0.0,0.10644312719154046,19.006474019757547
co2a0000392,alcoholic,P8,S2 match,28,0.0,0.11951737948767574,15.842410757144929
co2a0000392,alcoholic,P8,S2 nomatch,26,0.0,0.09026768374099531,20.198379473375336
co2a0000392,alcoholic,PO8,S1 obj,42,0.0,0.10829422027299142,19.209084247412896
co2a0000392,alcoholic,PO8,S2 match,28,0.0,0.09516485007007698,16.144117551297242
co2a0000392,alcoholic,PO8,S2 nomatch,26,0.0,0.13196901241108377,13.352901377724342
co2a0000392,alcoholic,T8,S1 obj,42,0.0,0.09142347717257233,20.821155363276407
co2a0000392,alcoholic,T8,S2 match,28,0.0,0.09714879975488414,16.715581416890945
co2a0000392,alcoholic,T8,S2 nomatch,26,0.0,0.10830612883119511,15.419502087572818
co2a0000392,alcoholic,TP8,S1 obj,42,0.0,0.10192053722872352,17.70642022700466
co2a0000392,alcoholic,TP8,S2 match,28,0.0,0.09750799474460466,16.424989156025276
co2a0000392,alcoholic,TP8,S2 nomatch,26,0.0,0.06790073244192166,19.519927970002602
co2a0000394,alcoholic,P8,S1 obj,55,0.0,0.08562451860685696,23.25572321017471
co2a0000394,alcoholic,P8,S2 match,25,0.0,0.10820627457777345,14.713740512496454
co2a0000394,alcoholic,P8,S2 nomatch,30,0.0,0.08409966751127632,22.850121958445328
co2a0000394,alcoholic,PO8,S1 obj,55,0.0,0.07761166892689755,25.03792974205833
co2a0000394,alcoholic,PO8,S2 match,24,0.0,0.09619542643779225,14.23255904043643
co2a0000394,alcoholic,PO8,S2 nomatch,30,0.0,0.11251593105111268,19.73048299610758
co2a0000394,alcoholic,T8,S1 obj,55,0.0,0.14164387666343836,18.967936806847202
co2a0000394,alcoholic,T8,S2 match,25,0.0,0.12503373911257243,14.421896251428942
co2a0000394,alcoholic,T8,S2 nomatch,30,0.0,0.08058782492802107,21.861779334669
co2a0000394,alcoholic,TP8,S1 obj,55,0.0,0.10933903003753723,22.924145407979236
co2a0000394,alcoholic,TP8,S2 match,25,0.0,0.12159950789088954,14.2316954295164
co2a0000394,alcoholic,TP8,S2 nomatch,30,0.0,0.0788589024834561,22.524904764467014
co2a0000395,alcoholic,P8,S1 obj,46,0.0,0.0925991940251035,21.255230788119334
co2a0000395,alcoholic,P8,S2 match,24,0.0,0.12840712437599677,12.906790836822688
co2a0000395,alcoholic,P8,S2 nomatch,28,0.0,0.10863437950702454,13.918387484187813
co2a0000395,alcoholic,PO8,S1 obj,46,0.0,0.09905816154421312,21.119972732253185
co2a0000395,alcoholic,PO8,S2 match,24,0.0,0.09896044712931419,15.377531719830264
co2a0000395,alcoholic,PO8,S2 nomatch,28,0.0,0.10397936963534231,14.70771957333187
co2a0000395,alcoholic,T8,S1 obj,46,0.0,0.10049946223671995,20.025118002910336
co2a0000395,alcoholic,T8,S2 match,24,0.0,0.12385689372675744,13.291341573165647
co2a0000395,alcoholic,T8,S2 nomatch,28,0.0,0.1288028003393562,11.114905829486313
co2a0000395,alcoholic,TP8,S1 obj,46,0.0,0.08638439028343334,20.27429186115849
co2a0000395,alcoholic,TP8,S2 match,24,0.0,0.1123076569170795,15.45283363836014
co2a0000395,alcoholic,TP8,S2 nomatch,28,0.0,0.12105453259463977,13.258829448455577
co2a0000396,alcoholic,P8,S1 obj,42,0.0,0.07825276064577476,23.754762423570867
co2a0000396,alcoholic,P8,S2 match,14,0.0,0.16062089873007085,8.467082779990525
co2a0000396,alcoholic,P8,S2 nomatch,21,0.0,0.12992765668140166,12.593484502810144
co2a0000396,alcoholic,PO8,S1 obj,42,0.0,0.0824162287388452,23.163069905300947
co2a0000396,alcoholic,PO8,S2 match,14,0.0,0.20619113408936374,9.256513855902693
co2a0000396,alcoholic,PO8,S2 nomatch,21,0.0,0.1860677664957771,8.210932526481042
co2a0000396,alcoholic,T8,S1 obj,42,0.0,0.07399548216329015,22.73034889548391
co2a0000396,alcoholic,T8,S2 match,14,0.0,0.17697640212165847,7.730259206465008
co2a0000396,alcoholic,T8,S2 nomatch,21,0.0,0.1376808794941851,13.339728048952757
co2a0000396,alcoholic,TP8,S1 obj,42,0.0,0.10026576125525818,22.257443384374504
co2a0000396,alcoholic,TP8,S2 match,14,0.0,0.17945939817428122,8.00571312837148
co2a0000396,alcoholic,TP8,S2 nomatch,21,0.0,0.13268818326472823,12.819996944628608
co2a0000398,alcoholic,P8,S1 obj,37,0.0,0.0968563876162433,23.230209999366267
co2a0000398,alcoholic,P8,S2 match,30,0.0,0.06206882995274809,23.443332930899295
co2a0000398,alcoholic,P8,S2 nomatch,29,0.0,0.08651836932916902,18.71763071244316
co2a0000398,alcoholic,PO8,S1 obj,37,0.0,0.06306812636448317,24.891375369441437
co2a0000398,alcoholic,PO8,S2 match,30,0.0024416074711282455,0.0699836934336519,23.48225091607592
co2a0000398,alcoholic,PO8,S2 nomatch,29,0.0,0.1069896517495431,15.547459291952949
co2a0000398,alcoholic,T8,S1 obj,37,0.0,0.0824511896340831,20.009666104033464
co2a0000398,alcoholic,T8,S2 match,30,0.0,0.07504159635546769,20.418440027094547
co2a0000398,alcoholic,T8,S2 nomatch,29,0.0,0.10698838405894481,17.54062688076537
co2a0000398,alcoholic,TP8,S1 obj,37,0.0,0.10065119063831279,20.943465148124364
co2a0000398,alcoholic,TP8,S2 match,30,0.0,0.05859127019932264,20.702530476878014
co2a0000398,alcoholic,TP8,S2 nomatch,29,0.0,0.09711208526820923,16.28036064907351
co2a0000400,alcoholic,P8,S1 obj,40,0.0,0.07318723282521965,21.555403122278115
co2a0000400,alcoholic,P8,S2 match,23,0.0,0.16030460652677175,12.081261522299085
co2a0000400,alcoholic,P8,S2 nomatch,15,0.0,0.17823283087232367,7.706461743587755
co2a0000400,alcoholic,PO8,S1 obj,40,0.0,0.06690863887680337,22.184913924220556
co2a0000400,alcoholic,PO8,S2 match,23,0.0,0.18722024742243734,11.09327737729411
co2a0000400,alcoholic,PO8,S2 nomatch,15,0.0,0.18877696762103835,7.8395247866531825
co2a0000400,alcoholic,T8,S1 obj,40,0.0,0.11493135208649813,15.734865471387947
co2a0000400,alcoholic,T8,S2 match,23,0.0,0.16842586484532476,11.654784117819762
co2a0000400,alcoholic,T8,S2 nomatch,15,0.0,0.21535674244745667,6.471427996486117
co2a0000400,alcoholic,TP8,S1 obj,40,0.0,0.0960406878508296,17.74255876100313
co2a0000400,alcoholic,TP8,S2 match,23,0.0,0.168359040050828,11.256691892515171
co2a0000400,alcoholic,TP8,S2 nomatch,15,0.0,0.23805095842364304,6.059324068098919
co2a0000402,alcoholic,P8,S1 obj,50,0.0,0.07222897353526089,22.706541417410357
co2a0000402,alcoholic,P8,S2 match,25,0.0,0.1240216536651319,11.927346347467129
co2a0000402,alcoholic,P8,S2 nomatch,16,0.0,0.18871009636522326,7.712120565545288
co2a0000402,alcoholic,PO8,S1 obj,50,0.0,0.056303826717296265,26.92933479581565
co2a0000402,alcoholic,PO8,S2 match,25,0.0,0.14902737287168705,9.674831500682668
co2a0000402,alcoholic,PO8,S2 nomatch,16,0.0,0.24250734095646334,7.591023737428851
co2a0000402,alcoholic,T8,S1 obj,50,0.0,0.09800196358776182,20.000550547772686
co2a0000402,alcoholic,T8,S2 match,25,0.0,0.1734728545321094,10.932084103912608
co2a0000402,alcoholic,T8,S2 nomatch,16,0.0,0.2055878896696935,7.808676698439269
co2a0000402,alcoholic,TP8,S1 obj,50,0.0,0.09434146265151676,20.44777483298761
co2a0000402,alcoholic,TP8,S2 match,25,0.0,0.14903990017337662,11.723859354588424
co2a0000402,alcoholic,TP8,S2 nomatch,16,0.0,0.16331405442489422,8.991748348565427
co2a0000403,alcoholic,P8,S1 obj,46,0.0,0.0596355691365273,28.956687358288214
co2a0000403,alcoholic,P8,S2 match,21,0.0,0.14230346018662807,12.294201475363888
co2a0000403,alcoholic,P8,S2 nomatch,24,0.0050786610437611015,0.07287196219508503,19.27430429434084
co2a0000403,alcoholic,PO8,S1 obj,46,0.0,0.048730489671500406,31.750326800487024
co2a0000403,alcoholic,PO8,S2 match,21,0.0,0.1571014459489925,11.899855622078244
co2a0000403,alcoholic,PO8,S2 nomatch,24,0.0,0.12102412759121757,15.461777125862973
co2a0000403,alcoholic,T8,S1 obj,46,0.0,0.09925152793612027,20.35414184106956
co2a0000403,alcoholic,T8,S2 match,21,0.0,0.11699486691443928,12.900823286878309
co2a0000403,alcoholic,T8,S2 nomatch,24,0.0,0.08977256388122022,16.202389331899766
co2a0000403,alcoholic,TP8,S1 obj,46,0.0,0.07276079914163139,29.521371989318574
co2a0000403,alcoholic,TP8,S2 match,21,0.0,0.17373778793702627,10.495165418150652
co2a0000403,alcoholic,TP8,S2 nomatch,24,0.0,0.09806068320726505,14.879560215900263
co2a0000404,alcoholic,P8,S1 obj,54,0.0,0.038380734184150334,44.07726872703561
co2a0000404,alcoholic,P8,S2 match,25,0.0,0.09226575821118185,17.047969415030025
co2a0000404,alcoholic,P8,S2 nomatch,16,0.0,0.22715768819733162,8.527187097677649
co2a0000404,alcoholic,PO8,S1 obj,54,0.0,0.04856469088466917,37.76328787141564
co2a0000404,alcoholic,PO8,S2 match,25,0.0,0.1125597914268772,14.143825696722606
co2a0000404,alcoholic,PO8,S2 nomatch,16,0.0,0.17297341766326632,10.112468477042755
co2a0000404,alcoholic,T8,S1 obj,54,0.0,0.09614661271518782,23.558161453128434
co2a0000404,alcoholic,T8,S2 match,25,0.0,0.13131479364019624,12.128053154605302
co2a0000404,alcoholic,T8,S2 nomatch,16,0.0,0.15687309857868525,8.546177666600489
co2a0000404,alcoholic,TP8,S1 obj,54,0.0,0.05870497823693359,30.872124370725466
co2a0000404,alcoholic,TP8,S2 match,25,0.0,0.13087613771224527,13.499822108090006
co2a0000404,alcoholic,TP8,S2 nomatch,16,0.0,0.16366819123725052,10.109190239549452
co2a0000405,alcoholic,P8,S1 obj,42,0.0,0.09378802530371474,18.971090868356622
co2a0000405,alcoholic,P8,S2 match,13,0.0,0.18112486196510716,8.644191267732495
co2a0000405,alcoholic,P8,S2 nomatch,14,0.0,0.17644282482712392,10.457599964878593
co2a0000405,alcoholic,PO8,S1 obj,42,0.0,0.10280211073569355,20.78389713125032
co2a0000405,alcoholic,PO8,S2 match,13,0.0,0.15383754909982172,8.271545359375093
co2a0000405,alcoholic,PO8,S2 nomatch,14,0.0,0.18272747516266666,8.03921760032576
co2a0000405,alcoholic,T8,S1 obj,42,0.0,0.1180585654787768,15.735897159376767
co2a0000405,alcoholic,T8,S2 match,13,0.0,0.39440753781096616,4.495299352272426
co2a0000405,alcoholic,T8,S2 nomatch,14,0.0,0.15942252112185618,8.800039342103554
co2a0000405,alcoholic,TP8,S1 obj,42,0.0,0.11752684804044257,18.4784563863242
co2a0000405,alcoholic,TP8,S2 match,13,0.0,0.3403990055554898,5.083820078412174
co2a0000405,alcoholic,TP8,S2 nomatch,14,0.0,0.20209125662788213,7.681573732299743
co2a0000406,alcoholic,P8,S1 obj,30,0.0,0.08796521578486446,18.43431493598695
co2a0000406,alcoholic,P8,S2 match,16,0.0,0.18500304256062874,8.843598252066633
co2a0000406,alcoholic,P8,S2 nomatch,13,0.0,0.19919860562359398,7.6966367468480525
co2a0000406,alcoholic,PO8,S1 obj,30,0.0,0.08343650419561432,19.494086393654328
co2a0000406,alcoholic,PO8,S2 match,16,0.0,0.20407219500350918,7.723984509619787
co2a0000406,alcoholic,PO8,S2 nomatch,13,0.0,0.20139615690253665,7.6451074231316785
co2a0000406,alcoholic,T8,S1 obj,30,0.0,0.13424794188981515,13.366060913167674
co2a0000406,alcoholic,T8,S2 match,16,0.0,0.21004778070890942,8.619989476281786
co2a0000406,alcoholic,T8,S2 nomatch,13,0.0,0.39818445482765263,4.125632299441108
co2a0000406,alcoholic,TP8,S1 obj,30,0.0,0.15533733547803064,13.274268947989052
co2a0000406,alcoholic,TP8,S2 match,16,0.0,0.17307795358824174,9.11491152669017
co2a0000406,alcoholic,TP8,S2 nomatch,13,0.0,0.23453521981156425,7.282096546092237
co2a0000407,alcoholic,P8,S1 obj,47,0.0,0.11420858517094401,19.240153420889328
co2a0000407,alcoholic,P8,S2 match,28,0.0,0.09437340723576099,16.44298745788478
co2a0000407,alcoholic,P8,S2 nomatch,18,0.0,0.17875849861509144,8.418731446046419
co2a0000407,alcoholic,PO8,S1 obj,47,0.0,0.09150029183711247,26.361560550135014
co2a0000407,alcoholic,PO8,S2 match,28,0.0,0.11341721616429062,17.439474694879046
co2a0000407,alcoholic,PO8,S2 nomatch,18,0.010331299292021548,0.10374863995033874,15.010106835494447
co2a0000407,alcoholic,T8,S1 obj,47,0.0,0.10292405395700438,20.805632503366645
co2a0000407,alcoholic,T8,S2 match,28,0.0,0.08775096803681635,16.04835773959797
co2a0000407,alcoholic,T8,S2 nomatch,18,0.0,0.18403406776370113,8.12651160399674
co2a0000407,alcoholic,TP8,S1 obj,47,0.0,0.08938344413672271,21.677095454811596
co2a0000407,alcoholic,TP8,S2 match,28,0.0,0.09300317056547039,16.451642019504227
co2a0000407,alcoholic,TP8,S2 nomatch,18,0.0,0.17735121547749277,8.89327107693878
co2a0000409,alcoholic,P8,S1 obj,52,0.0,0.1016501426021439,23.36145279367855
co2a0000409,alcoholic,P8,S2 match,25,0.0,0.11313501479314976,17.753300262681215
co2a0000409,alcoholic,P8,S2 nomatch,28,0.0,0.08458119142705922,18.26129769526178
co2a0000409,alcoholic,PO8,S1 obj,52,0.0,0.08992593709404278,21.17745745835528
co2a0000409,alcoholic,PO8,S2 match,25,0.0,0.134255340396772,15.15239746263788
co2a0000409,alcoholic,PO8,S2 nomatch,28,0.0,0.09346698337326262,18.89156288114788
co2a0000409,alcoholic,T8,S1 obj,52,0.0,0.09286753436856338,23.361752446310437
co2a0000409,alcoholic,T8,S2 match,25,0.0,0.13125282085706325,15.908723302178101
co2a0000409,alcoholic,T8,S2 nomatch,28,0.0,0.09185302430191881,17.1349464985476
co2a0000409,alcoholic,TP8,S1 obj,52,0.0,0.10098145122004053,20.903839902114882
co2a0000409,alcoholic,TP8,S2 match,25,0.0,0.12393241949784398,16.634819718291578
co2a0000409,alcoholic,TP8,S2 nomatch,28,0.0,0.08198255598376782,17.310640432909114
co2a0000410,alcoholic,P8,S1 obj,56,0.0,0.06138853220865709,29.745290202057912
co2a0000410,alcoholic,P8,S2 match,27,0.0,0.09513259884682325,15.381187712900669
co2a0000410,alcoholic,P8,S2 nomatch,24,0.0022690457429631545,0.11390778391819516,17.243629310985533
co2a0000410,alcoholic,PO8,S1 obj,56,0.0,0.05062221383241758,34.65062095604342
co2a0000410,alcoholic,PO8,S2 match,27,0.0,0.09408249327251608,16.083348798034617
co2a0000410,alcoholic,PO8,S2 nomatch,24,0.0,0.15589076925696455,12.396475018973513
co2a0000410,alcoholic,T8,S1 obj,56,0.0,0.06397433509480178,27.720701586354092
co2a0000410,alcoholic,T8,S2 match,27,0.0,0.10071576197292506,18.2685658616742
co2a0000410,alcoholic,T8,S2 nomatch,24,0.0,0.215411678242026,10.009679085171285
co2a0000410,alcoholic,TP8,S1 obj,56,0.0,0.07052055870391709,24.686127405039795
co2a0000410,alcoholic,TP8,S2 match,27,0.0,0.11009643650069295,17.33135349323551
co2a0000410,alcoholic,TP8,S2 nomatch,24,0.0,0.1318900519925124,10.251850082215425
co2a0000411,alcoholic,P8,S1 obj,48,0.0,0.07719294546670537,21.236692902123206
co2a0000411,alcoholic,P8,S2 match,22,0.0,0.19240333311267532,10.257348939777529
co2a0000411,alcoholic,P8,S2 nomatch,23,0.0,0.15818844232955087,11.900458144079641
co2a0000411,alcoholic,PO8,S1 obj,48,0.0,0.07504837944485686,22.82697748302347
co2a0000411,alcoholic,PO8,S2 match,22,0.0,0.15987757006636297,11.346963655587086
co2a0000411,alcoholic,PO8,S2 nomatch,23,0.0,0.11836513138906729,12.7829034742932
co2a0000411,alcoholic,T8,S1 obj,48,0.0,0.10777088730790421,17.275617519694695
co2a0000411,alcoholic,T8,S2 match,22,0.0,0.262803795480861,7.676558291812164
co2a0000411,alcoholic,T8,S2 nomatch,23,0.0,0.14143990523426633,10.585791565092133
co2a0000411,alcoholic,TP8,S1 obj,48,0.0,0.12320184556539772,18.476771476123496
co2a0000411,alcoholic,TP8,S2 match,22,0.0,0.1712355728466034,10.115154664573623
co2a0000411,alcoholic,TP8,S2 nomatch,23,0.0,0.1654389304341259,9.93423360714867
co2a0000412,alcoholic,P8,S1 obj,52,0.0,0.06963339215461498,28.110698694179977
co2a0000412,alcoholic,P8,S2 match,17,0.0,0.11380403086627605,12.777056083155955
co2a0000412,alcoholic,P8,S2 nomatch,20,0.0,0.12142480046162649,11.415092747800587
co2a0000412,alcoholic,PO8,S1 obj,52,0.0,0.05949581692386841,30.63058524320246
co2a0000412,alcoholic,PO8,S2 match,17,0.0,0.12904622434926813,9.458556840865462
co2a0000412,alcoholic,PO8,S2 nomatch,20,0.0,0.117290260367655,11.92380987864993
co2a0000412,alcoholic,T8,S1 obj,52,0.0,0.0730143300669173,26.29727594155413
co2a0000412,alcoholic,T8,S2 match,17,0.0,0.16306335189462207,10.410619170157954
co2a0000412,alcoholic,T8,S2 nomatch,20,0.0,0.1814651905400839,8.859420451374522
co2a0000412,alcoholic,TP8,S1 obj,52,0.0,0.06992347300553048,27.691219350454208
co2a0000412,alcoholic,TP8,S2 match,17,0.0,0.10842122155958965,13.161486214348837
co2a0000412,alcoholic,TP8,S2 nomatch,20,0.0,0.1445122814241687,10.080064662947924
co2a0000414,alcoholic,P8,S1 obj,56,0.0,0.08576151213820311,27.274266187401086
co2a0000414,alcoholic,P8,S2 match,29,0.0,0.09116789609800632,16.81988973216011
co2a0000414,alcoholic,P8,S2 nomatch,29,0.0,0.08837516308785912,16.755761895202756
co2a0000414,alcoholic,PO8,S1 obj,56,0.0,0.11175883515651093,26.46309095792786
co2a0000414,alcoholic,PO8,S2 match,29,0.0,0.11299577844988193,16.256497639356198
co2a0000414,alcoholic,PO8,S2 nomatch,29,0.0,0.11471848810085196,15.722363565241297
co2a0000414,alcoholic,T8,S1 obj,56,0.0,0.06741463110966542,26.32808742737905
co2a0000414,alcoholic,T8,S2 match,29,0.0,0.1456168782748864,15.658254332917862
co2a0000414,alcoholic,T8,S2 nomatch,29,0.0,0.09618986354877493,15.437124669937639
co2a0000414,alcoholic,TP8,S1 obj,56,0.0,0.07722361543872973,28.525579250695067
co2a0000414,alcoholic,TP8,S2 match,29,0.0,0.11839597982607812,14.757368411369995
co2a0000414,alcoholic,TP8,S2 nomatch,29,0.0,0.09690576994718875,16.57815727735531
co2a0000415,alcoholic,P8,S1 obj,50,0.0,0.051694066038651114,33.41190547788675
co2a0000415,alcoholic,P8,S2 match,15,0.01639105218810028,0.11578702390944526,12.997578217897507
co2a0000415,alcoholic,P8,S2 nomatch,14,0.0,0.14536705294291177,9.783885186742571
co2a0000415,alcoholic,PO8,S1 obj,50,0.0,0.05339188520509977,34.52490780873998
co2a0000415,alcoholic,PO8,S2 match,15,0.017453384516583632,0.10276925128615137,12.953871631992573
co2a0000415,alcoholic,PO8,S2 nomatch,14,0.0,0.13891435437646482,10.06956197976504
co2a0000415,alcoholic,T8,S1 obj,50,0.0,0.05569969271004102,29.651319081219114
co2a0000415,alcoholic,T8,S2 match,15,0.0,0.14570435195263964,10.610493454282098
co2a0000415,alcoholic,T8,S2 nomatch,14,0.0,0.17827270925681502,9.003508064832493
co2a0000415,alcoholic,TP8,S1 obj,50,0.0,0.05485588934662577,31.32520392409877
co2a0000415,alcoholic,TP8,S2 match,15,0.000920000427947374,0.11356641219518972,12.572877148318135
co2a0000415,alcoholic,TP8,S2 nomatch,14,0.0,0.17298012503719007,9.268650040126076
co2a0000416,alcoholic,P8,S1 obj,36,0.0,0.12356304883521993,13.854340019627166
co2a0000416,alcoholic,P8,S2 match,22,0.0,0.1367162808246793,13.569128622619326
co2a0000416,alcoholic,P8,S2 nomatch,25,0.0,0.09730838542427457,17.54310861426381
co2a0000416,alcoholic,PO8,S1 obj,36,0.0,0.10344290544736497,16.282705037345313
co2a0000416,alcoholic,PO8,S2 match,22,0.0,0.14410516955823574,13.677695448978636
co2a0000416,alcoholic,PO8,S2 nomatch,25,0.0,0.08664056086925682,16.653026663648216
co2a0000416,alcoholic,T8,S1 obj,36,0.0,0.1423444866343919,12.232480887658237
co2a0000416,alcoholic,T8,S2 match,22,0.0,0.12689948070883528,12.64479506704194
co2a0000416,alcoholic,T8,S2 nomatch,25,0.0,0.10201558066150507,16.717501882787204
co2a0000416,alcoholic,TP8,S1 obj,36,0.0,0.1403337407286475,12.579602382860159
co2a0000416,alcoholic,TP8,S2 match,22,0.0,0.14337401288793913,10.976614392766113
co2a0000416,alcoholic,TP8,S2 nomatch,25,0.0,0.0836849626324481,16.9623116744645
co2a0000417,alcoholic,P8,S1 obj,42,0.0,0.06520961239244998,24.679127201554223
co2a0000417,alcoholic,P8,S2 match,29,0.0,0.09046961054138425,17.34123691587018
co2a0000417,alcoholic,P8,S2 nomatch,27,0.0,0.09956204472701298,17.20694922456755
co2a0000417,alcoholic,PO8,S1 obj,42,0.0,0.05763620111225535,28.508966425781644
co2a0000417,alcoholic,PO8,S2 match,29,0.0,0.07906441351839867,17.66623457552371
co2a0000417,alcoholic,PO8,S2 nomatch,27,0.0,0.09283223724426305,17.672595449253702
co2a0000417,alcoholic,T8,S1 obj,42,0.0,0.10276538523199207,19.38507831099449
co2a0000417,alcoholic,T8,S2 match,29,0.0,0.07640586136434628,21.607794410082732
co2a0000417,alcoholic,T8,S2 nomatch,27,0.0,0.08798159707960701,17.771451351599843
co2a0000417,alcoholic,TP8,S1 obj,42,0.0,0.08154522303713871,22.77020116943942
co2a0000417,alcoholic,TP8,S2 match,29,0.0,0.10067408641699191,19.807584322576492
co2a0000417,alcoholic,TP8,S2 nomatch,27,0.0,0.07816587130414157,18.835915758851634
co2a0000418,alcoholic,P8,S1 obj,48,0.0,0.07170022491059506,27.66730816046898
co2a0000418,alcoholic,P8,S2 match,22,0.0,0.12004113580357585,12.724622979796257
co2a0000418,alcoholic,P8,S2 nomatch,27,0.0,0.11785843066828687,15.195606555922405
co2a0000418,alcoholic,PO8,S1 obj,48,0.0,0.05964874557062225,29.279819083881048
co2a0000418,alcoholic,PO8,S2 match,22,0.0,0.13553912826394107,12.19245342053814
co2a0000418,alcoholic,PO8,S2 nomatch,27,0.0,0.11756533279485404,14.406984148178584
co2a0000418,alcoholic,T8,S1 obj,48,0.0,0.08161175153823293,22.78440056216659
co2a0000418,alcoholic,T8,S2 match,22,0.0,0.12769376660476364,10.81187313282056
co2a0000418,alcoholic,T8,S2 nomatch,27,0.0,0.1511290977121163,13.436056680637215
co2a0000418,alcoholic,TP8,S1 obj,48,0.0,0.06852770060384879,24.435795165277973
co2a0000418,alcoholic,TP8,S2 match,22,0.0,0.13175755682622345,11.565210414046028
co2a0000418,alcoholic,TP8,S2 nomatch,27,0.0,0.11439677499637375,14.745496669750201
co2a0000419,alcoholic,P8,S1 obj,57,0.0,0.06384460411246923,27.759593661877012
co2a0000419,alcoholic,P8,S2 match,29,0.0,0.12388185586162652,14.059837543034371
co2a0000419,alcoholic,P8,S2 nomatch,29,0.0,0.17174120334197918,10.85275627042451
co2a0000419,alcoholic,PO8,S1 obj,57,0.0,0.06410392099676317,30.34851866882424
co2a0000419,alcoholic,PO8,S2 match,29,0.0,0.11298167108321973,15.815740729776198
co2a0000419,alcoholic,PO8,S2 nomatch,29,0.0,0.17790741622746004,11.331615429372873
co2a0000419,alcoholic,T8,S1 obj,57,0.0,0.07446627730624084,23.505311498886886
co2a0000419,alcoholic,T8,S2 match,29,0.0,0.09097230118943697,17.015293062848713
co2a0000419,alcoholic,T8,S2 nomatch,29,0.0,0.10556171144302257,15.728515192561757
co2a0000419,alcoholic,TP8,S1 obj,57,0.0,0.07865613374159351,25.047608738873308
co2a0000419,alcoholic,TP8,S2 match,29,0.0,0.10141895765536191,16.58422912281023
co2a0000419,alcoholic,TP8,S2 nomatch,29,0.0,0.11361783411629729,13.655635397106051
co2a0000421,alcoholic,P8,S1 obj,49,0.0,0.0654874292856183,32.79520436618155
co2a0000421,alcoholic,P8,S2 match,27,0.0,0.10467687957605466,17.472999132056643
co2a0000421,alcoholic,P8,S2 nomatch,24,0.015752630582786597,0.06198242700840476,22.030346909058213
co2a0000421,alcoholic,PO8,S1 obj,49,0.0,0.0576141417200366,35.42015802697967
co2a0000421,alcoholic,PO8,S2 match,27,0.0,0.10079042784416313,17.639537183109827
co2a0000421,alcoholic,PO8,S2 nomatch,24,0.0,0.11941514224415084,16.25943655600148
co2a0000421,alcoholic,T8,S1 obj,49,0.0,0.07061142079650246,23.794455405185275
co2a0000421,alcoholic,T8,S2 match,27,0.0,0.10173150880387974,14.475163746508432
co2a0000421,alcoholic,T8,S2 nomatch,24,0.0,0.09795695867344778,14.348530771684791
co2a0000421,alcoholic,TP8,S1 obj,49,0.0,0.06915987865864553,31.21800516686316
co2a0000421,alcoholic,TP8,S2 match,27,0.0,0.10570824419889162,15.902081366494814
co2a0000421,alcoholic,TP8,S2 nomatch,24,0.0,0.11999909810013308,14.77009335627994
co2a0000422,alcoholic,P8,S1 obj,22,0.0,0.1325807612501381,11.943970806868977
co2a0000422,alcoholic,P8,S2 match,25,0.0,0.16220939017104904,12.52791141787401
co2a0000422,alcoholic,P8,S2 nomatch,27,0.0,0.09550175567714012,16.911746243557452
co2a0000422,alcoholic,PO8,S1 obj,22,0.0,0.1077070343621954,13.442892459463769
co2a0000422,alcoholic,PO8,S2 match,25,0.0,0.15272811930475727,10.741808257681045
co2a0000422,alcoholic,PO8,S2 nomatch,27,0.0,0.07793334904968519,19.141919008652966
co2a0000422,alcoholic,T8,S1 obj,22,0.0,0.19367307046253465,9.989451751271577
co2a0000422,alcoholic,T8,S2 match,25,0.0,0.12506293877338942,13.364333755736011
co2a0000422,alcoholic,T8,S2 nomatch,27,0.0,0.11482075174046308,15.803015901959812
co2a0000422,alcoholic,TP8,S1 obj,22,0.0,0.17059989112870289,11.229443256972734
co2a0000422,alcoholic,TP8,S2 match,25,0.0,0.10321214871616059,15.582561620913284
co2a0000422,alcoholic,TP8,S2 nomatch,27,0.0,0.15449745800804254,12.27373348906297
co2a0000423,alcoholic,P8,S1 obj,35,0.0,0.08759599431944023,24.189805719470844
co2a0000423,alcoholic,P8,S2 match,19,0.0,0.16123605734842206,10.241998987399743
co2a0000423,alcoholic,P8,S2 nomatch,23,0.0,0.12644580106534786,13.296864974830761
co2a0000423,alcoholic,PO8,S1 obj,35,0.0,0.08464578568321529,24.350755818883698
co2a0000423,alcoholic,PO8,S2 match,19,0.0,0.15326168097241863,9.897691626096874
co2a0000423,alcoholic,PO8,S2 nomatch,23,0.0,0.11303709139147232,14.59939515595957
co2a0000423,alcoholic,T8,S1 obj,35,0.0,0.1227124501468773,14.939950625212198
co2a0000423,alcoholic,T8,S2 match,19,0.0,0.19224049294672357,8.917317492147978
co2a0000423,alcoholic,T8,S2 nomatch,23,0.0,0.10205051342187609,15.889313513351889
co2a0000423,alcoholic,TP8,S1 obj,35,0.0,0.09939189025567978,21.18405173677229
co2a0000423,alcoholic,TP8,S2 match,19,0.0,0.16336192404618943,9.94903578803741
co2a0000423,alcoholic,TP8,S2 nomatch,23,0.0,0.14505108430923105,11.984313087916746
co2a0000424,alcoholic,P8,S1 obj,43,0.0,0.08138519366872955,21.9316298454681
co2a0000424,alcoholic,P8,S2 match,29,0.010413760435059857,0.06355662823705807,25.57131711014765
co2a0000424,alcoholic,P8,S2 nomatch,29,0.0,0.10160591119734094,18.017278826728575
co2a0000424,alcoholic,PO8,S1 obj,43,0.0,0.07264663117387289,22.20903596245031
co2a0000424,alcoholic,PO8,S2 match,29,0.0014090061267641007,0.07874879490008403,23.27917850798344
co2a0000424,alcoholic,PO8,S2 nomatch,29,0.0,0.09071209731036524,18.93867788376447
co2a0000424,alcoholic,T8,S1 obj,43,0.0,0.06987576478304273,26.134138679158145
co2a0000424,alcoholic,T8,S2 match,29,0.004176831350632305,0.05541036183710522,25.82854603253631
co2a0000424,alcoholic,T8,S2 nomatch,29,0.0,0.07255496294562004,23.608521921672544
co2a0000424,alcoholic,TP8,S1 obj,43,0.0,0.08391560997739453,21.82567314204064
co2a0000424,alcoholic,TP8,S2 match,29,0.01265534786451604,0.05816300283258205,26.56619187212912
co2a0000424,alcoholic,TP8,S2 nomatch,29,0.0,0.08450088048751195,20.49799380711589
co2a0000425,alcoholic,P8,S1 obj,7,0.0,0.3301337427576506,3.988533602192968
co2a0000425,alcoholic,P8,S2 match,12,0.0,0.1456321646315201,9.004955675977998
co2a0000425,alcoholic,P8,S2 nomatch,10,0.0,0.23801502905026317,5.159168187279182
co2a0000425,alcoholic,PO8,S1 obj,7,0.0,0.2786411850264776,4.741680126092134
co2a0000425,alcoholic,PO8,S2 match,12,0.0,0.16146133421310183,9.068536124971253
co2a0000425,alcoholic,PO8,S2 nomatch,10,0.0,0.2257542263025403,5.450090402273386
co2a0000425,alcoholic,T8,S1 obj,7,0.0,0.36780215262270405,3.6034979189322893
co2a0000425,alcoholic,T8,S2 match,12,0.0,0.24107635910099337,5.8864483222857995
co2a0000425,alcoholic,T8,S2 nomatch,10,0.0,0.2835782910586487,6.089342686432665
co2a0000425,alcoholic,TP8,S1 obj,7,0.0,0.3828019959919393,3.8489357154130373
co2a0000425,alcoholic,TP8,S2 match,12,0.0,0.2487059576309373,6.488407479018854
co2a0000425,alcoholic,TP8,S2 nomatch,10,0.0,0.36412878864970744,4.471284176871505
co2a0000426,alcoholic,P8,S1 obj,32,0.0,0.06727366842453161,24.39716562949366
co2a0000426,alcoholic,P8,S2 match,15,0.0,0.17108556345652015,8.354033293300947
co2a0000426,alcoholic,P8,S2 nomatch,20,0.0,0.16128456959928572,11.578035091903148
co2a0000426,alcoholic,PO8,S1 obj,31,0.0,0.06759595360555752,22.41281685690418
co2a0000426,alcoholic,PO8,S2 match,15,0.0,0.17056603806404078,8.658486291941639
co2a0000426,alcoholic,PO8,S2 nomatch,19,0.0,0.147834162460377,12.609944898772806
co2a0000426,alcoholic,T8,S1 obj,32,0.0,0.15252986376918215,14.111489732046765
co2a0000426,alcoholic,T8,S2 match,15,0.0,0.22008987032031185,7.568545684209594
co2a0000426,alcoholic,T8,S2 nomatch,20,0.0,0.1794137259826132,8.682173449734698
co2a0000426,alcoholic,TP8,S1 obj,32,0.0,0.07499135948685363,20.66740962901169
co2a0000426,alcoholic,TP8,S2 match,15,0.0,0.20932116025739403,7.633011151337736
co2a0000426,alcoholic,TP8,S2 nomatch,20,0.0,0.14793683124877854,10.574589002869635
co2a0000427,alcoholic,P8,S1 obj,50,0.0,0.08810355792315402,22.266438489313995
co2a0000427,alcoholic,P8,S2 match,20,0.0,0.1529132835457794,9.417251473666875
co2a0000427,alcoholic,P8,S2 nomatch,19,0.0,0.14851964849332577,11.353614611193743
co2a0000427,alcoholic,PO8,S1 obj,50,0.0,0.060826732126370325,31.62192131721121
co2a0000427,alcoholic,PO8,S2 match,20,0.0,0.14216409683764952,10.480216396108624
co2a0000427,alcoholic,PO8,S2 nomatch,19,0.0,0.15749178037355313,9.634991218726439
co2a0000427,alcoholic,T8,S1 obj,50,0.0,0.0974633888044501,20.480259698805522
co2a0000427,alcoholic,T8,S2 match,20,0.0,0.15539619691536422,9.64118822149628
co2a0000427,alcoholic,T8,S2 nomatch,19,0.0041795727269517986,0.18334224683666536,11.432794984408996
co2a0000427,alcoholic,TP8,S1 obj,50,0.0,0.09812527173959916,20.81104317944568
co2a0000427,alcoholic,TP8,S2 match,20,0.0,0.18036151894622085,8.87499428744888
co2a0000427,alcoholic,TP8,S2 nomatch,19,0.0,0.1476726451898011,10.572129363202537
co2a0000428,alcoholic,P8,S1 obj,39,0.0,0.09430194349742695,21.798612665586987
co2a0000428,alcoholic,P8,S2 match,19,0.0,0.13220222171807272,10.875223253167922
co2a0000428,alcoholic,P8,S2 nomatch,20,0.0,0.16199658582861118,9.735683438207833
co2a0000428,alcoholic,PO8,S1 obj,39,0.0,0.09261883110188172,20.82456405405194
co2a0000428,alcoholic,PO8,S2 match,19,0.0,0.12166047277676027,11.673139153534562
co2a0000428,alcoholic,PO8,S2 nomatch,20,0.0,0.16884562547327495,9.912693607273985
co2a0000428,alcoholic,T8,S1 obj,39,0.0,0.10176131451496659,17.597493291045
co2a0000428,alcoholic,T8,S2 match,19,0.0,0.1446170580371711,12.693716200685246
co2a0000428,alcoholic,T8,S2 nomatch,20,0.0,0.17071808581944264,11.343481183666734
co2a0000428,alcoholic,TP8,S1 obj,39,0.0,0.11284132262946156,16.751903983251257
co2a0000428,alcoholic,TP8,S2 match,19,0.0,0.1328278814465359,11.636554191568663
co2a0000428,alcoholic,TP8,S2 nomatch,20,0.0,0.16352929764168805,10.77611508248338
co2a0000429,alcoholic,P8,S1 obj,29,0.0,0.0789372008733934,21.29731333903382
co2a0000429,alcoholic,P8,S2 match,15,0.0004724100301685087,0.16624986281312173,10.87001853988365
co2a0000429,alcoholic,P8,S2 nomatch,15,0.0,0.15493298490630406,9.566555245445011
co2a0000429,alcoholic,PO8,S1 obj,29,0.0,0.07774563599342776,22.299004080936687
co2a0000429,alcoholic,PO8,S2 match,15,0.0,0.20374925019853363,9.245708763061252
co2a0000429,alcoholic,PO8,S2 nomatch,15,0.0,0.15462881400043782,8.914924934857508
co2a0000429,alcoholic,T8,S1 obj,29,0.0,0.09228230543631506,16.962389001445846
co2a0000429,alcoholic,T8,S2 match,15,0.0,0.1601599277245397,8.24846655318017
co2a0000429,alcoholic,T8,S2 nomatch,15,0.0,0.15946973646896684,9.317742833325708
co2a0000429,alcoholic,TP8,S1 obj,29,0.0,0.09749588704447495,16.683522359481696
co2a0000429,alcoholic,TP8,S2 match,15,0.0050749196410186095,0.15599440906243422,10.619946439763828
co2a0000429,alcoholic,TP8,S2 nomatch,15,0.0,0.15542887833654787,9.588931585337654
co2a0000430,alcoholic,P8,S1 obj,55,0.0,0.07736066826423267,28.521379861878152
co2a0000430,alcoholic,P8,S2 match,26,0.0,0.09929490786813815,14.70534305060387
co2a0000430,alcoholic,P8,S2 nomatch,27,0.0,0.16463773341798316,12.03129486948392
co2a0000430,alcoholic,PO8,S1 obj,55,0.0,0.06335714770404938,32.896653573207374
co2a0000430,alcoholic,PO8,S2 match,26,0.0,0.1282212487538668,14.070161370447124
co2a0000430,alcoholic,PO8,S2 nomatch,27,0.0,0.11824400843429791,15.091116465379894
co2a0000430,alcoholic,T8,S1 obj,55,0.0,0.06819964571202272,26.505379259132045
co2a0000430,alcoholic,T8,S2 match,26,0.0,0.11536228186412201,17.684074554229323
co2a0000430,alcoholic,T8,S2 nomatch,27,0.0,0.13575247398610335,14.682473922333058
co2a0000430,alcoholic,TP8,S1 obj,55,0.0,0.07624437821873739,25.641593712201256
co2a0000430,alcoholic,TP8,S2 match,26,0.0,0.11140303098662292,14.465751150380084
co2a0000430,alcoholic,TP8,S2 nomatch,27,0.0,0.17537883776994986,11.897984791587653
co2a0000432,alcoholic,P8,S1 obj,52,0.0,0.06121769111462107,30.28750173339325
co2a0000432,alcoholic,P8,S2 match,25,0.0,0.11021989324740114,16.045309573526158
co2a0000432,alcoholic,P8,S2 nomatch,23,0.0,0.12075851217721716,12.089028515754283
co2a0000432,alcoholic,PO8,S1 obj,52,0.0,0.05370860074622824,30.043347283446014
co2a0000432,alcoholic,PO8,S2 match,25,0.0,0.07884814402552348,17.94284374779447
co2a0000432,alcoholic,PO8,S2 nomatch,23,0.0,0.11452522238036829,12.424975840466681
co2a0000432,alcoholic,T8,S1 obj,52,0.0,0.08889660013877194,25.892592598249728
co2a0000432,alcoholic,T8,S2 match,25,0.0,0.13064057400306536,12.310345271491748
co2a0000432,alcoholic,T8,S2 nomatch,23,0.0,0.15354681394785963,10.776569872744819
co2a0000432,alcoholic,TP8,S1 obj,52,0.0,0.06801407770091704,29.188644837520666
co2a0000432,alcoholic,TP8,S2 match,25,0.0,0.11453949540755905,13.015163842719618
co2a0000432,alcoholic,TP8,S2 nomatch,23,0.0,0.1382229152153562,11.966183258569156
co2a0000433,alcoholic,P8,S1 obj,47,0.0,0.10631999350159967,21.081878100278985
co2a0000433,alcoholic,P8,S2 match,14,0.0,0.1591935770064008,9.073787294618844
co2a0000433,alcoholic,P8,S2 nomatch,15,0.0,0.23037530474070886,6.691800798649896
co2a0000433,alcoholic,PO8,S1 obj,47,0.0,0.09578885679780981,20.815235674707445
co2a0000433,alcoholic,PO8,S2 match,14,0.0,0.2543156102040309,7.620980443556144
co2a0000433,alcoholic,PO8,S2 nomatch,15,0.0,0.17336726355656573,9.32982985847534
co2a0000433,alcoholic,T8,S1 obj,47,0.0,0.10266201258325794,20.212374938207873
co2a0000433,alcoholic,T8,S2 match,14,0.0,0.1682077849553492,8.764253683559533
co2a0000433,alcoholic,T8,S2 nomatch,15,0.0,0.1675771462457705,8.658709362056127
co2a0000433,alcoholic,TP8,S1 obj,47,0.0,0.08083618330735187,22.856578124331673
co2a0000433,alcoholic,TP8,S2 match,14,0.0,0.2262886246752906,8.840305596455597
co2a0000433,alcoholic,TP8,S2 nomatch,15,0.0,0.19220186166354125,7.460379092806567
co2a0000434,alcoholic,P8,S1 obj,38,0.0,0.0776655577834674,21.843299226051354
co2a0000434,alcoholic,P8,S2 match,17,0.0,0.24325648700716093,7.020271198565659
co2a0000434,alcoholic,P8,S2 nomatch,18,0.0,0.13438960796279112,10.271315680570247
co2a0000434,alcoholic,PO8,S1 obj,38,0.0,0.07378595976230723,21.57709966298567
co2a0000434,alcoholic,PO8,S2 match,17,0.0,0.1763772102153937,9.794875380705061
co2a0000434,alcoholic,PO8,S2 nomatch,18,0.0,0.1298218901803095,11.662543538427226
co2a0000434,alcoholic,T8,S1 obj,38,0.0,0.0738864330352529,21.307250339261692
co2a0000434,alcoholic,T8,S2 match,17,0.0,0.292355211938817,6.339931450642161
co2a0000434,alcoholic,T8,S2 nomatch,18,0.0,0.3949056240896886,4.880746671711767
co2a0000434,alcoholic,TP8,S1 obj,38,0.0,0.07910680631625704,20.609754372799095
co2a0000434,alcoholic,TP8,S2 match,17,0.0,0.24553176485829353,7.13060017340908
co2a0000434,alcoholic,TP8,S2 nomatch,18,0.0,0.14565053077926504,11.524148394251416
co2a0000435,alcoholic,P8,S1 obj,39,0.0,0.10279711422484969,17.54209466317433
co2a0000435,alcoholic,P8,S2 match,20,0.0,0.16418043952921776,10.235700041620653
co2a0000435,alcoholic,P8,S2 nomatch,19,0.0,0.12494483003614157,11.848480558159828
co2a0000435,alcoholic,PO8,S1 obj,39,0.0,0.10075085657950485,17.332124187135314
co2a0000435,alcoholic,PO8,S2 match,20,0.0,0.15545686077167645,11.33197181932797
co2a0000435,alcoholic,PO8,S2 nomatch,19,0.0,0.1297829190788838,12.563629980154204
co2a0000435,alcoholic,T8,S1 obj,39,0.0,0.09584722062156954,17.49338158954808
co2a0000435,alcoholic,T8,S2 match,20,0.0,0.17801310555790043,8.569738157864464
co2a0000435,alcoholic,T8,S2 nomatch,19,0.0,0.1488408713475061,9.876677753245115
co2a0000435,alcoholic,TP8,S1 obj,39,0.0,0.10754485533834464,16.61438509750128
co2a0000435,alcoholic,TP8,S2 match,20,0.0,0.16237152284180842,10.285875076137177
co2a0000435,alcoholic,TP8,S2 nomatch,19,0.0,0.17816785237004132,10.486151054628147
co2a0000436,alcoholic,P8,S1 obj,52,0.0,0.08904466335117547,27.211317234313075
co2a0000436,alcoholic,P8,S2 match,28,0.0,0.12046896442887946,15.365772690053443
co2a0000436,alcoholic,P8,S2 nomatch,29,0.0,0.10342638963118117,20.490250827259207
co2a0000436,alcoholic,PO8,S1 obj,52,0.0,0.08919286103266497,27.195221014791407
co2a0000436,alcoholic,PO8,S2 match,28,0.0,0.12332830156294754,15.761570121322087
co2a0000436,alcoholic,PO8,S2 nomatch,29,0.0,0.10934730955567808,19.682021555779333
co2a0000436,alcoholic,T8,S1 obj,52,0.0,0.061406326511515084,28.19746919562258
co2a0000436,alcoholic,T8,S2 match,28,0.0,0.1045278312337132,13.06191585243344
co2a0000436,alcoholic,T8,S2 nomatch,29,0.0,0.11549068628810345,14.961524830634193
co2a0000436,alcoholic,TP8,S1 obj,52,0.0,0.06976366196272817,28.35112995546025
co2a0000436,alcoholic,TP8,S2 match,28,0.0,0.09710078974417048,15.2318966435095
co2a0000436,alcoholic,TP8,S2 nomatch,29,0.0,0.08124171675615806,21.626126937497855
co2a0000437,alcoholic,P8,S1 obj,53,0.0,0.07792165451236108,30.37689115520308
co2a0000437,alcoholic,P8,S2 match,29,0.0,0.09020842175378506,17.77837635568394
co2a0000437,alcoholic,P8,S2 nomatch,29,0.0,0.1064519706173878,14.847662413421858
co2a0000437,alcoholic,PO8,S1 obj,53,0.0,0.07682873582479555,32.67488333527791
co2a0000437,alcoholic,PO8,S2 match,29,0.0,0.08205463113275561,18.56959061303206
co2a0000437,alcoholic,PO8,S2 nomatch,29,0.0,0.11684066951758021,15.64409433834952
co2a0000437,alcoholic,T8,S1 obj,53,0.0,0.0692765404688205,27.83965216887287
co2a0000437,alcoholic,T8,S2 match,29,0.0,0.12015230294652766,16.081358616489798
co2a0000437,alcoholic,T8,S2 nomatch,29,0.0,0.11186417897237474,16.51668441596422
co2a0000437,alcoholic,TP8,S1 obj,53,0.0,0.07715559835367214,27.214117419320022
co2a0000437,alcoholic,TP8,S2 match,29,0.0,0.10046885747126462,17.3704769695773
co2a0000437,alcoholic,TP8,S2 nomatch,29,0.0,0.0914266051744861,16.42585631116608
co2a0000438,alcoholic,P8,S1 obj,54,0.0,0.06786560874393442,24.809059489565488
co2a0000438,alcoholic,P8,S2 match,24,0.0,0.17160380166491304,10.644675678341548
co2a0000438,alcoholic,P8,S2 nomatch,23,0.0,0.20298190762590457,8.755707831463358
co2a0000438,alcoholic,PO8,S1 obj,54,0.0,0.07381014745680106,22.873932680304232
co2a0000438,alcoholic,PO8,S2 match,24,0.0,0.19179550290092812,9.615306961082188
co2a0000438,alcoholic,PO8,S2 nomatch,23,0.0,0.11391479448113045,14.640703331039582
co2a0000438,alcoholic,T8,S1 obj,54,0.0,0.0699985579772931,25.496325337408575
co2a0000438,alcoholic,T8,S2 match,24,0.0,0.14210267547504177,12.681412869724262
co2a0000438,alcoholic,T8,S2 nomatch,23,0.0,0.21536528750324585,10.378555284280838
co2a0000438,alcoholic,TP8,S1 obj,54,0.0,0.10708230083384626,21.08453336240619
co2a0000438,alcoholic,TP8,S2 match,24,0.0,0.18648932398214557,11.689181238079977
co2a0000438,alcoholic,TP8,S2 nomatch,23,0.0,0.10567834396707297,15.923059280303194
co2a0000439,alcoholic,P8,S1 obj,48,0.0,0.06507746163387097,29.511614569609772
co2a0000439,alcoholic,P8,S2 match,25,0.0,0.09738590379703292,16.54448072668745
co2a0000439,alcoholic,P8,S2 nomatch,26,0.0,0.12460372563806069,15.387992213169946
co2a0000439,alcoholic,PO8,S1 obj,48,0.0,0.06216191550201332,34.03762571786989
co2a0000439,alcoholic,PO8,S2 match,25,0.0,0.07973159275216792,16.781876463510578
co2a0000439,alcoholic,PO8,S2 nomatch,26,0.0,0.11528309683539785,16.18852865107464
co2a0000439,alcoholic,T8,S1 obj,48,0.0,0.08487313859330216,20.598940034386363
co2a0000439,alcoholic,T8,S2 match,25,0.0,0.11043771351228374,15.134533674637382
co2a0000439,alcoholic,T8,S2 nomatch,26,0.0,0.17073204104800424,10.825602567462088
co2a0000439,alcoholic,TP8,S1 obj,48,0.0,0.0878559358397064,23.61896756594022
co2a0000439,alcoholic,TP8,S2 match,25,0.0,0.09464461021305676,15.203548268612858
co2a0000439,alcoholic,TP8,S2 nomatch,26,0.0,0.1610101402875143,10.340262813662065
co2a0000440,alcoholic,P8,S1 obj,46,0.0,0.13876956814205635,16.095705862047712
co2a0000440,alcoholic,P8,S2 match,25,0.0,0.15213510574550348,14.118720896243568
co2a0000440,alcoholic,P8,S2 nomatch,21,0.0,0.14222073736381274,11.585226384944347
co2a0000440,alcoholic,PO8,S1 obj,45,0.0,0.1058835688609381,17.319304438207453
co2a0000440,alcoholic,PO8,S2 match,25,0.0,0.16751653357780236,13.470214139835106
co2a0000440,alcoholic,PO8,S2 nomatch,21,0.0,0.10701302879041671,12.827436702307294
co2a0000440,alcoholic,T8,S1 obj,46,0.0,0.058629348568200096,26.554484146703157
co2a0000440,alcoholic,T8,S2 match,25,0.0,0.1039644067716901,16.16241973415491
co2a0000440,alcoholic,T8,S2 nomatch,21,0.0,0.17295358728646734,10.125540694675525
co2a0000440,alcoholic,TP8,S1 obj,46,0.0,0.12880425434275844,18.45527478615647
co2a0000440,alcoholic,TP8,S2 match,25,0.0,0.12451990033547591,15.716788619805898
co2a0000440,alcoholic,TP8,S2 nomatch,21,0.0,0.17080360478386727,10.273593790256184
co2a0000443,alcoholic,P8,S1 obj,44,0.0,0.07114286446234395,23.375580302538776
co2a0000443,alcoholic,P8,S2 match,24,0.0,0.14927542136294092,11.789690276051846
co2a0000443,alcoholic,P8,S2 nomatch,15,0.0,0.1713463767623356,8.043817885417136
co2a0000443,alcoholic,PO8,S1 obj,44,0.0,0.07292133200300892,24.387944197445215
co2a0000443,alcoholic,PO8,S2 match,24,0.0,0.17089962553523672,12.380159977485503
co2a0000443,alcoholic,PO8,S2 nomatch,15,0.0,0.1892203067695971,7.604557521451567
co2a0000443,alcoholic,T8,S1 obj,44,0.0,0.15750448857800017,15.814662185913392
co2a0000443,alcoholic,T8,S2 match,24,0.0,0.17021982158785082,11.048364549608051
co2a0000443,alcoholic,T8,S2 nomatch,15,0.0,0.3059798895855194,5.839988441547404
co2a0000443,alcoholic,TP8,S1 obj,44,0.0,0.07822731026882247,22.347775966887625
co2a0000443,alcoholic,TP8,S2 match,24,0.0,0.1769262955712486,9.969068231373715
co2a0000443,alcoholic,TP8,S2 nomatch,15,0.0,0.18911066648677805,8.385703204758471
co2a0000444,alcoholic,P8,S1 obj,42,0.0,0.10118802347393674,18.548922881830524
co2a0000444,alcoholic,P8,S2 match,24,0.0,0.16564175987236163,11.675566489640799
co2a0000444,alcoholic,P8,S2 nomatch,14,0.0,0.22316687054362422,7.214319606624709
co2a0000444,alcoholic,PO8,S1 obj,42,0.0,0.06970783708327713,21.661698413008512
co2a0000444,alcoholic,PO8,S2 match,24,0.0,0.11612698213226008,12.249231905247997
co2a0000444,alcoholic,PO8,S2 nomatch,14,0.0,0.22567885001443325,6.874858492659185
co2a0000444,alcoholic,T8,S1 obj,41,0.0,0.12339943568578171,14.413874316288593
co2a0000444,alcoholic,T8,S2 match,24,0.0,0.19325880996838224,9.803100355110857
co2a0000444,alcoholic,T8,S2 nomatch,14,0.0,0.20234016755039527,6.353707036190583
co2a0000444,alcoholic,TP8,S1 obj,42,0.0,0.10345185990876765,19.1196100765995
co2a0000444,alcoholic,TP8,S2 match,24,0.0,0.1297150104428023,13.03266537654365
co2a0000444,alcoholic,TP8,S2 nomatch,14,0.0,0.22190910152512075,6.717309300318346
co2a0000445,alcoholic,P8,S1 obj,53,0.0,0.07365504272409795,28.969301964504453
co2a0000445,alcoholic,P8,S2 match,25,0.0,0.12278271022662668,13.808132855702446
co2a0000445,alcoholic,P8,S2 nomatch,22,0.0,0.10871176505253337,13.121597729227489
co2a0000445,alcoholic,PO8,S1 obj,53,0.0,0.0620290110742751,33.108869483180314
co2a0000445,alcoholic,PO8,S2 match,25,0.0,0.11565486161822743,14.970303020319351
co2a0000445,alcoholic,PO8,S2 nomatch,22,0.0,0.12453264832063575,12.780219421585873
co2a0000445,alcoholic,T8,S1 obj,53,0.0,0.09544418978119594,21.500636085362707
co2a0000445,alcoholic,T8,S2 match,25,0.0,0.15518362802021116,13.075515126862184
co2a0000445,alcoholic,T8,S2 nomatch,22,0.0,0.12171804828213138,13.932819637237323
co2a0000445,alcoholic,TP8,S1 obj,53,0.0,0.0799349886300382,28.1560826607958
co2a0000445,alcoholic,TP8,S2 match,25,0.0,0.11337623823560992,13.277552798122636
co2a0000445,alcoholic,TP8,S2 nomatch,22,0.0,0.12183064426996965,13.631360392083097
co2a0000447,alcoholic,P8,S1 obj,43,0.0,0.07636280451143851,23.07391074526663
co2a0000447,alcoholic,P8,S2 match,28,0.0,0.06669818106367607,21.63607991026876
co2a0000447,alcoholic,P8,S2 nomatch,21,0.0,0.14805251570352027,9.786130629299173
co2a0000447,alcoholic,PO8,S1 obj,43,0.0,0.06787107386027338,23.69781272010819
co2a0000447,alcoholic,PO8,S2 match,28,0.0,0.06516266129752997,21.71861128450848
co2a0000447,alcoholic,PO8,S2 nomatch,21,0.0,0.1436338181772057,10.015721630653994
co2a0000447,alcoholic,T8,S1 obj,43,0.0,0.1088727112501219,21.824646316262182
co2a0000447,alcoholic,T8,S2 match,28,0.0,0.1324477226816477,13.183907962678013
co2a0000447,alcoholic,T8,S2 nomatch,21,0.0,0.16897278570026086,10.794112381792269
co2a0000447,alcoholic,TP8,S1 obj,43,0.0,0.09558308710368035,18.87263298053835
co2a0000447,alcoholic,TP8,S2 match,28,0.0,0.09839583625061034,18.842508776193796
co2a0000447,alcoholic,TP8,S2 nomatch,21,0.0,0.131573479630426,10.977594349678442
co2c0000337,control,P8,S1 obj,40,0.0,0.11466464679409664,18.171471584273167
co2c0000337,control,P8,S2 match,23,0.0,0.11111380727999245,14.087109193329628
co2c0000337,control,P8,S2 nomatch,15,0.0,0.16934794394606448,7.799078731696953
co2c0000337,control,PO8,S1 obj,40,0.0,0.06920489533788915,28.70654354059245
co2c0000337,control,PO8,S2 match,23,0.0,0.13119117270535424,12.208496994741438
co2c0000337,control,PO8,S2 nomatch,15,0.0,0.15848072436886318,8.882473937420693
co2c0000337,control,T8,S1 obj,40,0.0,0.0869658257855225,19.999274524123983
co2c0000337,control,T8,S2 match,23,0.0,0.07038184691870787,18.85992800169264
co2c0000337,control,T8,S2 nomatch,15,0.0,0.17963659207185473,7.734194951492728
co2c0000337,control,TP8,S1 obj,40,0.0,0.10146431242742443,18.358451021295288
co2c0000337,control,TP8,S2 match,23,0.0,0.12306963071511058,13.992228104310762
co2c0000337,control,TP8,S2 nomatch,15,0.0,0.17745396878571812,6.8952365988019055
co2c0000338,control,P8,S1 obj,54,0.0,0.05986534261507964,31.24405652083454
co2c0000338,control,P8,S2 match,27,0.0,0.0976860085099158,15.029516435434891
co2c0000338,control,P8,S2 nomatch,23,0.0,0.17731107725945497,9.976430131509767
co2c0000338,control,PO8,S1 obj,54,0.0,0.06524381590422827,30.823650102263574
co2c0000338,control,PO8,S2 match,27,0.0,0.13180237563770553,14.7112550577232
co2c0000338,control,PO8,S2 nomatch,22,0.0,0.16636114024410856,10.694693559111899
co2c0000338,control,T8,S1 obj,54,0.0,0.053914225681806593,32.378042369834134
co2c0000338,control,T8,S2 match,27,0.0,0.10939411653815208,13.898094069134489
co2c0000338,control,T8,S2 nomatch,23,0.0,0.1769778520138339,11.136266105692725
co2c0000338,control,TP8,S1 obj,54,0.0,0.0583187750585739,30.085089680514137
co2c0000338,control,TP8,S2 match,27,0.0,0.09544426553755879,17.29614724168728
co2c0000338,control,TP8,S2 nomatch,23,0.0,0.15975350431396132,10.276989228438937
co2c0000339,control,P8,S1 obj,39,0.0,0.06092094253446023,23.098026287237303
co2c0000339,control,P8,S2 match,19,0.0,0.11533730414023183,13.257095734619636
co2c0000339,control,P8,S2 nomatch,23,0.0,0.13912380039070127,13.239825011388595
co2c0000339,control,PO8,S1 obj,39,0.0,0.08422462834681828,20.070369576233762
co2c0000339,control,PO8,S2 match,19,0.0,0.20161997793631978,11.12770332145051
co2c0000339,control,PO8,S2 nomatch,23,0.0,0.14859937035810092,14.081077100433852
co2c0000339,control,T8,S1 obj,39,0.0,0.10664837843339874,16.309468879288563
co2c0000339,control,T8,S2 match,19,0.0,0.1248888942066448,12.942624436059296
co2c0000339,control,T8,S2 nomatch,23,0.0,0.09220547391876611,15.71536094360591
co2c0000339,control,TP8,S1 obj,39,0.0,0.09226751497352105,19.362041835475345
co2c0000339,control,TP8,S2 match,19,0.0,0.12543914459386613,12.337403121467629
co2c0000339,control,TP8,S2 nomatch,23,0.0,0.12130684655793336,13.61837299113546
co2c0000340,control,P8,S1 obj,54,0.0,0.04540957662466655,36.42418602327656
co2c0000340,control,P8,S2 match,12,0.0,0.16101307554435454,9.252805671885831
co2c0000340,control,P8,S2 nomatch,17,0.0037584194047929564,0.1149702305016259,12.395863913745924
co2c0000340,control,PO8,S1 obj,54,0.0,0.042180846560777537,40.98466927589667
co2c0000340,control,PO8,S2 match,12,0.0,0.2217011481184,7.4155013073021605
co2c0000340,control,PO8,S2 nomatch,17,0.0,0.12318837560177764,11.271373348989906
co2c0000340,control,T8,S1 obj,54,0.0,0.06999613515718245,28.23844478499651
co2c0000340,control,T8,S2 match,12,0.0,0.1621054216050226,8.722950618020665
co2c0000340,control,T8,S2 nomatch,17,0.0,0.171268761767152,9.041455624720825
co2c0000340,control,TP8,S1 obj,54,0.0,0.06522926967996882,27.746425405646857
co2c0000340,control,TP8,S2 match,12,0.0,0.13672102510678757,9.362675271333119
co2c0000340,control,TP8,S2 nomatch,17,0.0,0.15337903771444936,9.679622749695637
co2c0000341,control,P8,S1 obj,51,0.0,0.05897231920585052,33.70321610090161
co2c0000341,control,P8,S2 match,20,0.0,0.1986733237381809,9.130172353875956
co2c0000341,control,P8,S2 nomatch,25,0.0,0.13509648747407133,13.24994743547893
co2c0000341,control,PO8,S1 obj,51,0.0,0.047134548585254274,40.495114774463985
co2c0000341,control,PO8,S2 match,20,0.0,0.11992990614217897,11.946817967846266
co2c0000341,control,PO8,S2 nomatch,25,0.0,0.09981739571139688,15.42675210935159
co2c0000341,control,T8,S1 obj,51,0.0,0.07998957193335342,24.828838004395138
co2c0000341,control,T8,S2 match,20,0.0,0.20172915037782954,8.408792018521009
co2c0000341,control,T8,S2 nomatch,25,0.0,0.10345233135801024,16.32678467104501
co2c0000341,control,TP8,S1 obj,51,0.0,0.08078367433363194,25.9764705591219
co2c0000341,control,TP8,S2 match,20,0.0,0.22431457544581765,8.75840133310851
co2c0000341,control,TP8,S2 nomatch,25,0.0,0.14661480955122055,13.21786902522082
co2c0000342,control,P8,S1 obj,56,0.0,0.050763205217711924,34.907965260625616
co2c0000342,control,P8,S2 match,28,0.0,0.08369962368717297,19.021593696717236
co2c0000342,control,P8,S2 nomatch,30,0.0,0.07481129803396015,22.27933021756017
co2c0000342,control,PO8,S1 obj,56,0.0,0.04604698797410251,38.72508072870982
co2c0000342,control,PO8,S2 match,28,0.0,0.06489661308273649,20.56808194752056
co2c0000342,control,PO8,S2 nomatch,30,0.0,0.08459393561264131,20.487068059404447
co2c0000342,control,T8,S1 obj,56,0.0,0.04903314080091457,34.12893433524745
co2c0000342,control,T8,S2 match,28,0.0,0.08558108683688062,19.66152863649774
co2c0000342,control,T8,S2 nomatch,30,0.0,0.07927058774831114,22.59406744907739
co2c0000342,control,TP8,S1 obj,56,0.0,0.05903276978932188,34.08846842707884
co2c0000342,control,TP8,S2 match,28,0.0,0.07620202968027819,18.218027388366547
co2c0000342,control,TP8,S2 nomatch,30,0.0,0.07699380391210162,21.99185338695694
co2c0000344,control,P8,S1 obj,50,0.0,0.07949784062321064,25.068518503597055
co2c0000344,control,P8,S2 match,20,0.00013753195466184064,0.10964775239086322,16.242651569128487
co2c0000344,control,P8,S2 nomatch,23,0.0,0.12540309701194421,13.474372659624821
co2c0000344,control,PO8,S1 obj,50,0.0,0.060801366780627336,28.520695134643827
co2c0000344,control,PO8,S2 match,20,0.0,0.12913273546644027,14.919734934279811
co2c0000344,control,PO8,S2 nomatch,23,0.0,0.11191454842128701,13.469940930525501
co2c0000344,control,T8,S1 obj,50,0.0,0.07683715676462913,25.3338619115804
co2c0000344,control,T8,S2 match,20,0.0,0.10135721668653316,15.208645345300788
co2c0000344,control,T8,S2 nomatch,23,0.0,0.1191486153409958,13.389825982782753
co2c0000344,control,TP8,S1 obj,50,0.0,0.07972295076397554,22.866007943117342
co2c0000344,control,TP8,S2 match,20,0.005463391742076754,0.09256106307182353,16.8702055956476
co2c0000344,control,TP8,S2 nomatch,23,0.0,0.12402639529957082,13.675601865534976
co2c0000345,control,P8,S1 obj,55,0.0,0.044394714218623475,39.66546270445842
co2c0000345,control,P8,S2 match,27,0.0,0.08687801201016244,16.147749706561417
co2c0000345,control,P8,S2 nomatch,29,0.0,0.08489219077701825,18.44906655512413
co2c0000345,control,PO8,S1 obj,55,0.0,0.0384720599757573,44.28800480850114
co2c0000345,control,PO8,S2 match,27,0.0,0.09752802337565586,19.08223465065189
co2c0000345,control,PO8,S2 nomatch,29,0.0,0.0989431649093124,17.819718994406017
co2c0000345,control,T8,S1 obj,55,0.0,0.07301340745132405,25.507148196986023
co2c0000345,control,T8,S2 match,27,0.0,0.07285033439264849,20.751019743326
co2c0000345,control,T8,S2 nomatch,29,0.0,0.1100576483512486,14.40831723947962
co2c0000345,control,TP8,S1 obj,55,0.0,0.05622450678630364,31.136356603861763
co2c0000345,control,TP8,S2 match,27,0.0,0.09154115513667871,18.091686419001057
co2c0000345,control,TP8,S2 nomatch,29,0.0,0.11742779584720886,16.17918427799876
co2c0000346,control,P8,S1 obj,53,0.0,0.05437992954839354,30.659742216207377
co2c0000346,control,P8,S2 match,30,0.0,0.0791503142453723,22.111997632007373
co2c0000346,control,P8,S2 nomatch,28,0.0,0.10000076849982897,17.960688687260426
co2c0000346,control,PO8,S1 obj,53,0.0,0.06128821273001703,29.177274367830954
co2c0000346,control,PO8,S2 match,30,0.0,0.06854170759109551,22.80113754084553
co2c0000346,control,PO8,S2 nomatch,28,0.0,0.11017996111647775,16.646223522598778
co2c0000346,control,T8,S1 obj,53,0.0,0.07140590385217914,26.277903126968344
co2c0000346,control,T8,S2 match,30,0.0,0.11522738025090966,12.199770186767273
co2c0000346,control,T8,S2 nomatch,28,0.0,0.10976044961027566,13.185594682995877
co2c0000346,control,TP8,S1 obj,53,0.0,0.05072323791131806,31.185535122588252
co2c0000346,control,TP8,S2 match,30,0.0,0.10049166239175682,19.089269621268105
co2c0000346,control,TP8,S2 nomatch,28,0.0,0.11722889361409072,17.15331692580196
co2c0000347,control,P8,S1 obj,46,0.0,0.08131933791915928,22.251054030747717
co2c0000347,control,P8,S2 match,21,0.005077609815998579,0.13709824991799116,14.091915981707704
co2c0000347,control,P8,S2 nomatch,22,0.0,0.18220180325898305,9.420716754637272
co2c0000347,control,PO8,S1 obj,46,0.0,0.06574821988065506,26.102141308671975
co2c0000347,control,PO8,S2 match,21,0.0,0.13355943210784682,13.917284896839858
co2c0000347,control,PO8,S2 nomatch,22,0.0,0.15162973108958533,11.114529345986883
co2c0000347,control,T8,S1 obj,46,0.0,0.08507781869730015,18.869274355395003
co2c0000347,control,T8,S2 match,21,0.0,0.11625603648680917,12.879566317137535
co2c0000347,control,T8,S2 nomatch,22,0.0,0.17134572937583714,10.44798544906875
co2c0000347,control,TP8,S1 obj,46,0.0,0.09249210834547708,21.267897631056453
co2c0000347,control,TP8,S2 match,21,0.0,0.13331126612614802,13.499835016726427
co2c0000347,control,TP8,S2 nomatch,22,0.0,0.19606933023004222,8.439224131625373
co2c0000348,control,P8,S1 obj,36,0.0,0.08213441909078327,22.548211959530725
co2c0000348,control,P8,S2 match,22,0.0,0.17500533254081888,9.351343272533386
co2c0000348,control,P8,S2 nomatch,13,0.0,0.23757708376146344,5.923105024078245
co2c0000348,control,PO8,S1 obj,36,0.0004245276818659636,0.07112329595188248,25.633396016042305
co2c0000348,control,PO8,S2 match,21,0.0,0.13495524433397943,12.198769469666585
co2c0000348,control,PO8,S2 nomatch,13,0.0,0.26541555744426837,5.8581574811390835
co2c0000348,control,T8,S1 obj,36,0.0,0.09673264782190369,18.46361120122982
co2c0000348,control,T8,S2 match,22,0.0,0.16311365225030863,11.6477149076314
co2c0000348,control,T8,S2 nomatch,13,0.0,0.4141783029240371,3.787986497575309
co2c0000348,control,TP8,S1 obj,36,0.0,0.0867550851583249,19.402235362955103
co2c0000348,control,TP8,S2 match,22,0.0,0.18077113546727572,8.86004096936813
co2c0000348,control,TP8,S2 nomatch,13,0.0,0.31287888738368164,5.083384515977672
co2c0000351,control,P8,S1 obj,49,0.0,0.06762709368270334,28.230076829478087
co2c0000351,control,P8,S2 match,18,0.0,0.15261735543378596,10.883637840254979
co2c0000351,control,P8,S2 nomatch,23,0.0,0.13700425020576187,12.560514147372796
co2c0000351,control,PO8,S1 obj,48,0.0,0.06632081170836665,23.494646056043482
co2c0000351,control,PO8,S2 match,17,0.0,0.14500251772656045,9.366414181200005
co2c0000351,control,PO8,S2 nomatch,23,0.0,0.1442744434041452,11.80797970757555
co2c0000351,control,T8,S1 obj,49,0.0,0.08255366649880759,25.068637662003972
co2c0000351,control,T8,S2 match,18,0.0,0.11426355804749362,12.172605116365402
co2c0000351,control,T8,S2 nomatch,24,0.0,0.13069495271724924,12.463656821549925
co2c0000351,control,TP8,S1 obj,49,0.0,0.07428430418308826,28.408455299100556
co2c0000351,control,TP8,S2 match,18,0.0,0.1429501386133602,11.468552679672927
co2c0000351,control,TP8,S2 nomatch,24,0.0,0.13597436732338855,13.906640207177652
co2c0000352,control,P8,S1 obj,17,0.0,0.22563195956420654,8.653899149346625
co2c0000352,control,P8,S2 match,27,0.0,0.11261843341629574,14.23133210683228
co2c0000352,control,P8,S2 nomatch,17,0.0,0.20414218814193394,8.165979491205597
co2c0000352,control,PO8,S1 obj,17,0.0,0.16776295217573534,10.824367417598658
co2c0000352,control,PO8,S2 match,27,0.0,0.11041641950030323,13.203105912664773
co2c0000352,control,PO8,S2 nomatch,17,0.0,0.21897832128178504,8.16683498770174
co2c0000352,control,T8,S1 obj,17,0.0,0.13609082822379545,11.755399738877385
co2c0000352,control,T8,S2 match,27,0.0,0.09487043651225024,16.63836389126367
co2c0000352,control,T8,S2 nomatch,17,0.0,0.23389820168235767,7.820990855891566
co2c0000352,control,TP8,S1 obj,17,0.0,0.19844446865107762,7.90651497140557
co2c0000352,control,TP8,S2 match,27,0.0,0.1316789104522847,14.358527463970546
co2c0000352,control,TP8,S2 nomatch,16,0.0,0.1806752827422885,8.991420583044988
co2c0000354,control,P8,S1 obj,47,0.0,0.09678335723050009,20.593813961613417
co2c0000354,control,P8,S2 match,19,0.0,0.11846062018343198,12.964652485261094
co2c0000354,control,P8,S2 nomatch,25,0.0,0.10486030552725241,14.96429220535744
co2c0000354,control,PO8,S1 obj,47,0.0,0.09317420653331705,20.734009019440503
co2c0000354,control,PO8,S2 match,18,0.0,0.1296189362792354,12.22649588823488
co2c0000354,control,PO8,S2 nomatch,25,0.0,0.11917770182966367,15.375052261925253
co2c0000354,control,T8,S1 obj,47,0.0,0.09615604780733346,19.63274096592133
co2c0000354,control,T8,S2 match,18,0.0,0.11992806890665986,11.937796308638115
co2c0000354,control,T8,S2 nomatch,25,0.0,0.13677977603713054,12.083652737342343
co2c0000354,control,TP8,S1 obj,47,0.0,0.09590626955260963,18.842681302825753
co2c0000354,control,TP8,S2 match,18,0.0,0.1433253715108702,10.73602134316377
co2c0000354,control,TP8,S2 nomatch,25,0.0,0.11983807936123432,14.602327669953585
co2c0000355,control,P8,S1 obj,37,0.0,0.06690020175315746,23.895722968640627
co2c0000355,control,P8,S2 match,15,0.0,0.18563116539468977,8.556259043925063
co2c0000355,control,P8,S2 nomatch,15,0.0,0.2046254574662217,7.779753019270679
co2c0000355,control,PO8,S1 obj,37,0.0,0.06899453686544293,22.437648187497388
co2c0000355,control,PO8,S2 match,15,0.0,0.17140327221683213,9.423900583705876
co2c0000355,control,PO8,S2 nomatch,15,0.0,0.15633379757194685,9.10850893237486
co2c0000355,control,T8,S1 obj,37,0.0,0.1121147206715837,16.67250904106781
co2c0000355,control,T8,S2 match,15,0.0,0.18741334520649947,7.701668800777198
co2c0000355,control,T8,S2 nomatch,15,0.0,0.19215836692031885,7.385553072463411
co2c0000355,control,TP8,S1 obj,37,0.0,0.12130165973483513,15.657366015615315
co2c0000355,control,TP8,S2 match,15,0.0,0.25621913304475274,7.444817895818134
co2c0000355,control,TP8,S2 nomatch,15,0.0,0.20253116807648044,8.434171123680102
co2c0000356,control,P8,S1 obj,49,0.0,0.1270890755521142,19.74765538434709
co2c0000356,control,P8,S2 match,27,0.0,0.12856980883768787,13.316951600215996
co2c0000356,control,P8,S2 nomatch,22,0.0,0.13726938643472217,12.721456195327328
co2c0000356,control,PO8,S1 obj,49,0.0,0.10389044999208488,23.770627035799208
co2c0000356,control,PO8,S2 match,27,0.0,0.2964397192155926,7.530041706193658
co2c0000356,control,PO8,S2 nomatch,21,0.0,0.1396365448804855,12.758834397357099
co2c0000356,control,T8,S1 obj,49,0.0,0.14320316225151525,17.67727710933427
co2c0000356,control,T8,S2 match,27,0.0,0.14225948899460897,12.48348667389824
co2c0000356,control,T8,S2 nomatch,22,0.0,0.13549178368672551,13.922158073110557
co2c0000356,control,TP8,S1 obj,49,0.0,0.13615399467700057,18.170807051221537
co2c0000356,control,TP8,S2 match,27,0.0,0.08975531408284927,16.51333728759317
co2c0000356,control,TP8,S2 nomatch,22,0.0,0.1663964269730964,10.374833819296608
co2c0000357,control,P8,S1 obj,41,0.0,0.08134534431112943,24.762714022104685
co2c0000357,control,P8,S2 match,24,0.0,0.11314197857187497,15.388327675962781
co2c0000357,control,P8,S2 nomatch,23,0.0,0.12663396019538248,12.891930413599633
co2c0000357,control,PO8,S1 obj,41,0.0,0.08805949333109021,22.11438346459436
co2c0000357,control,PO8,S2 match,24,0.0,0.11803075901110402,14.898757979938592
co2c0000357,control,PO8,S2 nomatch,23,0.0,0.12613433609840558,13.260780660910992
co2c0000357,control,T8,S1 obj,41,0.0,0.054738781576469865,27.50993782833299
co2c0000357,control,T8,S2 match,24,0.0,0.15979663152347168,12.620005010604448
co2c0000357,control,T8,S2 nomatch,23,0.0,0.16629841899651396,9.556637717585565
co2c0000357,control,TP8,S1 obj,41,0.0,0.06771355881830705,27.937740798253845
co2c0000357,control,TP8,S2 match,24,0.0,0.11324717533168288,14.143679779562309
co2c0000357,control,TP8,S2 nomatch,23,0.0,0.11113905844854165,14.490851533616787
co2c0000359,control,P8,S1 obj,33,0.0,0.12130422016130102,14.154277160002891
co2c0000359,control,P8,S2 match,17,0.0,0.20013504770085122,7.465001320558991
co2c0000359,control,P8,S2 nomatch,18,0.0,0.14863905513674863,9.383026434107139
co2c0000359,control,PO8,S1 obj,32,0.0,0.12449369373375124,14.013939495420033
co2c0000359,control,PO8,S2 match,17,0.0,0.22925930543092451,6.478365356940854
co2c0000359,control,PO8,S2 nomatch,18,0.0,0.19089285624765978,9.169973324292977
co2c0000359,control,T8,S1 obj,33,0.0,0.10924623605708085,16.62478303168507
co2c0000359,control,T8,S2 match,18,0.0,0.1429539686015409,11.776024537555605
co2c0000359,control,T8,S2 nomatch,18,0.0,0.21938279486977816,8.37077419592757
co2c0000359,control,TP8,S1 obj,33,0.0,0.13439572938563146,13.756262204722272
co2c0000359,control,TP8,S2 match,18,0.0,0.22188368502316544,7.295220844307728
co2c0000359,control,TP8,S2 nomatch,18,0.0,0.20284296808489058,8.32858425466863
co2c0000362,control,P8,S1 obj,45,0.0,0.09045939882523438,19.379443622754085
co2c0000362,control,P8,S2 match,18,0.0,0.1157546304309981,11.452760296809346
co2c0000362,control,P8,S2 nomatch,18,0.0,0.1102126616479733,12.027788615960896
co2c0000362,control,PO8,S1 obj,45,0.0,0.08912903758309197,21.46298805112603
co2c0000362,control,PO8,S2 match,18,0.0,0.13883347948916994,11.6415846229398
co2c0000362,control,PO8,S2 nomatch,18,0.0,0.1763095562694736,9.772422052731287
co2c0000362,control,T8,S1 obj,45,0.0,0.12309222220260096,18.600964571795696
co2c0000362,control,T8,S2 match,18,0.0,0.11873611783827932,11.02884068327573
co2c0000362,control,T8,S2 nomatch,19,0.0,0.16373694122056906,10.820331870748605
co2c0000362,control,TP8,S1 obj,45,0.0,0.12039244576712874,17.711407905510608
co2c0000362,control,TP8,S2 match,18,0.0,0.122178153251647,12.125290203172387
co2c0000362,control,TP8,S2 nomatch,19,0.0,0.2319023206836789,8.691325134241113
co2c0000363,control,P8,S1 obj,55,0.003919052251891318,0.034858226524831094,44.02221799324513
co2c0000363,control,P8,S2 match,27,0.0,0.09742978884274475,17.71049044609246
co2c0000363,control,P8,S2 nomatch,28,0.0,0.15008219189426472,12.1941902432938
co2c0000363,control,PO8,S1 obj,55,0.0,0.03782841271604931,43.909571256033
co2c0000363,control,PO8,S2 match,27,0.0,0.09530792776020348,17.682669419597016
co2c0000363,control,PO8,S2 nomatch,28,0.0,0.13584646784449558,12.648997096429866
co2c0000363,control,T8,S1 obj,55,0.0,0.04363331678120738,35.1622124965102
co2c0000363,control,T8,S2 match,27,0.0,0.14612898610699415,12.57495621791762
co2c0000363,control,T8,S2 nomatch,28,0.0,0.10752122631711211,14.482601006974882
co2c0000363,control,TP8,S1 obj,55,0.0,0.040347429459693746,40.23514739609822
co2c0000363,control,TP8,S2 match,27,0.0,0.11223601751344918,18.496643703232174
co2c0000363,control,TP8,S2 nomatch,28,0.0,0.12121596294008226,13.513338404205122
co2c0000364,control,P8,S1 obj,47,0.0,0.06287112368571708,25.812698165091167
co2c0000364,control,P8,S2 match,24,0.0,0.11877004931046267,12.477023523303794
co2c0000364,control,P8,S2 nomatch,27,0.0,0.14100975428912818,11.146151832375509
co2c0000364,control,PO8,S1 obj,47,0.0,0.06697406679868692,24.04234091550776
co2c0000364,control,PO8,S2 match,24,0.0,0.17077207384857573,13.258951756864999
co2c0000364,control,PO8,S2 nomatch,26,0.0,0.14824881559387604,14.009556741604156
co2c0000364,control,T8,S1 obj,47,0.0,0.10090681976254653,17.016788861601402
co2c0000364,control,T8,S2 match,24,0.0,0.11291110264707767,13.521683108821541
co2c0000364,control,T8,S2 nomatch,27,0.0,0.11961458128751384,14.932049874839889
co2c0000364,control,TP8,S1 obj,47,0.0,0.09274327060143117,18.681931490264432
co2c0000364,control,TP8,S2 match,24,0.0,0.11202961620703254,13.891331827970447
co2c0000364,control,TP8,S2 nomatch,27,0.0,0.11750190759587462,12.90332396024228
co2c0000367,control,P8,S1 obj,51,0.0,0.05281972793959049,33.84256980598062
co2c0000367,control,P8,S2 match,26,0.0,0.10658005182813761,14.236982866413351
co2c0000367,control,P8,S2 nomatch,25,0.0,0.1347626342360497,12.863058775477596
co2c0000367,control,PO8,S1 obj,51,0.0,0.05415702108862303,34.943728763492935
co2c0000367,control,PO8,S2 match,26,0.0,0.11277758952116736,15.493205005398885
co2c0000367,control,PO8,S2 nomatch,25,0.0,0.1481272339836035,12.658160403563368
co2c0000367,control,T8,S1 obj,51,0.0,0.07630784130151035,25.475693541973495
co2c0000367,control,T8,S2 match,26,0.0,0.12497619707500036,13.89148901859551
co2c0000367,control,T8,S2 nomatch,25,0.0,0.179698199008393,10.116299741584596
co2c0000367,control,TP8,S1 obj,51,0.0,0.0648571839599856,30.76674608111795
co2c0000367,control,TP8,S2 match,26,0.0,0.12478126996007692,13.42850361961688
co2c0000367,control,TP8,S2 nomatch,25,0.0,0.14923519854171235,11.68393973494301
co2c0000370,control,P8,S1 obj,56,0.0,0.06476444588031745,29.535849251841753
co2c0000370,control,P8,S2 match,27,0.0,0.11745388847243562,12.905691310484592
co2c0000370,control,P8,S2 nomatch,24,0.0,0.11182384776294393,12.781945867115386
co2c0000370,control,PO8,S1 obj,56,0.0,0.06768100096307497,27.124529358336915
co2c0000370,control,PO8,S2 match,26,0.0,0.12966121177047013,11.611863512336024
co2c0000370,control,PO8,S2 nomatch,24,0.0,0.11839306873503305,12.505464093571321
co2c0000370,control,T8,S1 obj,56,0.0,0.09043618198804426,25.112601197887773
co2c0000370,control,T8,S2 match,27,0.0,0.12016990861400544,14.412370936661501
co2c0000370,control,T8,S2 nomatch,24,0.0,0.1110391799466766,14.38511788445409
co2c0000370,control,TP8,S1 obj,56,0.0,0.08229709178272705,27.017213190128675
co2c0000370,control,TP8,S2 match,27,0.0,0.11914481050469687,13.213330285095457
co2c0000370,control,TP8,S2 nomatch,24,0.0,0.12543174425714534,12.57387086846133
co2c0000371,control,P8,S1 obj,33,0.0,0.11631039017366583,15.55078587742696
co2c0000371,control,P8,S2 match,16,0.0,0.1618188471887238,8.987045700731297
co2c0000371,control,P8,S2 nomatch,9,0.029751818226642166,0.19461427354244568,6.986671199828221
co2c0000371,control,PO8,S1 obj,33,0.0,0.08820821633114843,18.343949962662453
co2c0000371,control,PO8,S2 match,16,0.0,0.14821768318813264,10.666346092020989
co2c0000371,control,PO8,S2 nomatch,9,0.005254886301320058,0.24684126260551256,6.03700723108815
co2c0000371,control,T8,S1 obj,33,0.0,0.11102134061997376,18.13991474282524
co2c0000371,control,T8,S2 match,16,0.0,0.13424863619867267,9.757456974392538
co2c0000371,control,T8,S2 nomatch,9,0.0,0.3180027499684511,4.072495417813422
co2c0000371,control,TP8,S1 obj,33,0.0,0.09845189910014825,17.913281863420963
co2c0000371,control,TP8,S2 match,16,0.0,0.14542370398284696,10.444053258741947
co2c0000371,control,TP8,S2 nomatch,9,0.0,0.30593770279156823,4.749638232006419
co2c0000373,control,P8,S1 obj,37,0.0,0.08521247533804624,22.52081806041751
co2c0000373,control,P8,S2 match,12,0.0,0.21621334650114463,6.572038723964149
co2c0000373,control,P8,S2 nomatch,11,0.026922082965828854,0.17217796227873003,8.957133671463403
co2c0000373,control,PO8,S1 obj,36,0.0,0.05971535154309187,27.922632226543463
co2c0000373,control,PO8,S2 match,12,0.0,0.17720755805692942,8.010618277122333
co2c0000373,control,PO8,S2 nomatch,11,0.03872408988892745,0.13705422847293686,9.85937099892968
co2c0000373,control,T8,S1 obj,37,0.0,0.10002332022538156,18.139452043217307
co2c0000373,control,T8,S2 match,12,0.0,0.23525338153547543,6.848557601032343
co2c0000373,control,T8,S2 nomatch,11,0.0,0.30024238399814007,5.827821815713986
co2c0000373,control,TP8,S1 obj,37,0.0,0.08645327061408625,19.672035166198377
co2c0000373,control,TP8,S2 match,12,0.0,0.24231596231246455,6.179474578441855
co2c0000373,control,TP8,S2 nomatch,11,0.01708199835555431,0.169517538124907,8.56100424067181
co2c0000374,control,P8,S1 obj,51,0.0,0.07748850937912424,24.275139654178567
co2c0000374,control,P8,S2 match,28,0.0,0.0913841997220173,17.353113308802115
co2c0000374,control,P8,S2 nomatch,27,0.0,0.14098724221458825,13.013462882986117
co2c0000374,control,PO8,S1 obj,51,0.0,0.05052222899855366,30.8441858616745
co2c0000374,control,PO8,S2 match,27,0.0,0.10076140626007095,16.178215809154075
co2c0000374,control,PO8,S2 nomatch,25,0.0,0.14668294634547693,12.680540516674682
co2c0000374,control,T8,S1 obj,51,0.0,0.09018711660408249,22.407620251200747
co2c0000374,control,T8,S2 match,28,0.0,0.114611372612681,14.788836486293148
co2c0000374,control,T8,S2 nomatch,27,0.0,0.15432485468313806,10.567615954024795
co2c0000374,control,TP8,S1 obj,51,0.0,0.08278049337085523,22.949594833737525
co2c0000374,control,TP8,S2 match,28,0.0,0.07814497022870683,20.51420714378924
co2c0000374,control,TP8,S2 nomatch,27,0.0,0.15130074716647168,11.03733775247796
co2c0000378,control,P8,S1 obj,43,0.0,0.10263433361896407,17.388408535104524
co2c0000378,control,P8,S2 match,15,0.0,0.19012189118636186,7.612355734979969
co2c0000378,control,P8,S2 nomatch,20,0.0,0.24779980044413735,7.7988010173652995
co2c0000378,control,PO8,S1 obj,41,0.0,0.1336979264123162,16.012291774589603
co2c0000378,control,PO8,S2 match,14,0.0,0.21289745285902853,7.550371801635998
co2c0000378,control,PO8,S2 nomatch,20,0.0,0.2671699322724806,6.930673238763086
co2c0000378,control,T8,S1 obj,43,0.0,0.11644114917979058,17.657560588738445
co2c0000378,control,T8,S2 match,15,0.0,0.20556846431941692,7.843334003217653
co2c0000378,control,T8,S2 nomatch,20,0.0,0.18147536780195503,8.36330350102514
co2c0000378,control,TP8,S1 obj,43,0.0,0.09978685745438101,19.50684560342891
co2c0000378,control,TP8,S2 match,15,0.0,0.1717096333868949,8.239351773977162
co2c0000378,control,TP8,S2 nomatch,20,0.0,0.23123266036062498,8.728823212213666
co2c0000379,control,P8,S1 obj,50,0.0,0.07594987742357344,29.296581594047332
co2c0000379,control,P8,S2 match,24,0.0,0.1373446636356605,13.630338718882351
co2c0000379,control,P8,S2 nomatch,24,0.0,0.16925969260716753,13.278163918639809
co2c0000379,control,PO8,S1 obj,50,0.0,0.06463758092212192,33.236913586216005
co2c0000379,control,PO8,S2 match,24,0.0,0.12876503238080098,14.555994246248682
co2c0000379,control,PO8,S2 nomatch,24,0.0,0.13865542661285732,15.141197232651507
co2c0000379,control,T8,S1 obj,50,0.0,0.09213196552067524,22.516731035917427
co2c0000379,control,T8,S2 match,24,0.0,0.13595922714452519,11.874682204888629
co2c0000379,control,T8,S2 nomatch,24,0.0,0.11861335512159704,13.76649811937836
co2c0000379,control,TP8,S1 obj,50,0.0,0.07547579172346433,23.982558018982825
co2c0000379,control,TP8,S2 match,24,0.0,0.11842853082017223,14.353287210493098
co2c0000379,control,TP8,S2 nomatch,24,0.0,0.1798782591237881,12.451954267760497
co2c0000381,control,P8,S1 obj,52,0.0,0.08945303305686249,22.95712311855405
co2c0000381,control,P8,S2 match,25,0.0,0.12025475314497679,15.556488473020796
co2c0000381,control,P8,S2 nomatch,24,0.0,0.11376257454676736,13.617497824029135
co2c0000381,control,PO8,S1 obj,52,0.0,0.07713930721507217,26.635723690416857
co2c0000381,control,PO8,S2 match,25,0.0,0.084453756205985,16.866688588741557
co2c0000381,control,PO8,S2 nomatch,24,0.0,0.13499042964743632,14.328886462013951
co2c0000381,control,T8,S1 obj,52,0.0,0.07037349318855625,27.86562983208763
co2c0000381,control,T8,S2 match,25,0.0,0.1027557659472989,17.080973681977856
co2c0000381,control,T8,S2 nomatch,24,0.0,0.09967711845644056,15.532287646057789
co2c0000381,control,TP8,S1 obj,52,0.0,0.08510354892672474,24.365496867614155
co2c0000381,control,TP8,S2 match,25,0.0,0.1064513328593277,16.09704004378552
co2c0000381,control,TP8,S2 nomatch,24,0.0,0.1003780560945021,14.395916512499179
co2c0000382,control,P8,S1 obj,54,0.0,0.05930782224471071,34.070925402248115
co2c0000382,control,P8,S2 match,28,0.0,0.1261189732426645,15.425691973667563
co2c0000382,control,P8,S2 nomatch,27,0.0,0.07546438936767184,22.25978793448943
co2c0000382,control,PO8,S1 obj,54,0.0,0.049311549767485384,36.2084825493014
co2c0000382,control,PO8,S2 match,28,0.0,0.1029533512662076,16.611149863360847
co2c0000382,control,PO8,S2 nomatch,27,0.0,0.08966420533617242,18.214374747105968
co2c0000382,control,T8,S1 obj,54,0.0,0.06678857096187017,26.635183140000095
co2c0000382,control,T8,S2 match,28,0.0,0.1283344031416412,13.586757507370752
co2c0000382,control,T8,S2 nomatch,27,0.0,0.08541390229509536,17.72609762675265
co2c0000382,control,TP8,S1 obj,54,0.0,0.06741374958292876,31.826190555024723
co2c0000382,control,TP8,S2 match,28,0.0,0.12458744851092028,14.350967716741287
co2c0000382,control,TP8,S2 nomatch,27,0.0,0.08335536535200397,19.80357151740952
co2c0000383,control,P8,S1 obj,49,0.0,0.08180006062418942,23.07355144807666
co2c0000383,control,P8,S2 match,29,0.0,0.10888917225420432,14.448729543469943
co2c0000383,control,P8,S2 nomatch,26,0.0,0.11059998250721863,16.774266154906233
co2c0000383,control,PO8,S1 obj,49,0.0,0.0779032795931843,22.339722417488517
co2c0000383,control,PO8,S2 match,29,0.0,0.12036027801115787,12.998547564810638
co2c0000383,control,PO8,S2 nomatch,26,0.0,0.1381047352162315,13.445298771604596
co2c0000383,control,T8,S1 obj,49,0.0,0.06765228016753058,23.88013687417616
co2c0000383,control,T8,S2 match,29,0.0,0.13571008629658418,15.331273057485287
co2c0000383,control,T8,S2 nomatch,26,0.0,0.1344697905846441,13.903282148874268
co2c0000383,control,TP8,S1 obj,49,0.0,0.08335803486772146,21.35403439918672
co2c0000383,control,TP8,S2 match,29,0.0,0.11141721662844023,16.371561176092037
co2c0000383,control,TP8,S2 nomatch,26,0.0,0.12633793737566087,14.702722122533185
co2c0000384,control,P8,S1 obj,42,0.0,0.05831984108890671,27.900352724710142
co2c0000384,control,P8,S2 match,22,0.0,0.11810987219831545,13.298476226416186
co2c0000384,control,P8,S2 nomatch,24,0.0,0.1698332940490903,10.43059075838546
co2c0000384,control,PO8,S1 obj,42,0.0,0.056303458611360754,29.350619668249173
co2c0000384,control,PO8,S2 match,22,0.0,0.11827218921946135,13.93527779474327
co2c0000384,control,PO8,S2 nomatch,24,0.0,0.15128748282655163,11.777353502049463
co2c0000384,control,T8,S1 obj,42,0.0,0.10442493487585552,20.13378540597679
co2c0000384,control,T8,S2 match,22,0.0,0.1351740673887174,11.941080890513414
co2c0000384,control,T8,S2 nomatch,24,0.0,0.13959663883310336,10.770537869458792
co2c0000384,control,TP8,S1 obj,42,0.0,0.07560465806625978,22.422387299129237
co2c0000384,control,TP8,S2 match,22,0.0,0.13412701895262083,11.04651379483978
co2c0000384,control,TP8,S2 nomatch,24,0.0,0.1637174912323391,11.132108491234913
co2c0000387,control,P8,S1 obj,53,0.0,0.035743130280439316,44.446173995563605
co2c0000387,control,P8,S2 match,22,0.0,0.17588097579469472,11.426142815682041
co2c0000387,control,P8,S2 nomatch,22,0.0,0.08002155808336071,17.90204701744704
co2c0000387,control,PO8,S1 obj,53,0.0,0.03691501200737054,43.24954016689012
co2c0000387,control,PO8,S2 match,22,0.0,0.16382638030270086,12.462679279536209
co2c0000387,control,PO8,S2 nomatch,22,0.0,0.08170697187955712,17.836822210222785
co2c0000387,control,T8,S1 obj,53,0.0,0.06921033713357393,25.92630464716634
co2c0000387,control,T8,S2 match,23,0.0,0.20916635299203604,10.289171348578531
co2c0000387,control,T8,S2 nomatch,22,0.0,0.10273913714259507,14.908461218084852
co2c0000387,control,TP8,S1 obj,53,0.0,0.042409204941670366,38.08402497910185
co2c0000387,control,TP8,S2 match,23,0.0,0.15460673404417358,11.917014234098557
co2c0000387,control,TP8,S2 nomatch,22,0.0,0.13456361323778435,14.048815538186364
co2c0000388,control,P8,S1 obj,24,0.0,0.14265517650196008,13.460283250179272
co2c0000388,control,P8,S2 match,24,0.0,0.10489967396075593,15.04790806869845
co2c0000388,control,P8,S2 nomatch,18,0.0,0.23644247164426854,7.498542236048997
co2c0000388,control,PO8,S1 obj,24,0.0,0.12947475583120843,13.827984271803755
co2c0000388,control,PO8,S2 match,24,0.0,0.11009759037684978,14.897004079366749
co2c0000388,control,PO8,S2 nomatch,18,0.0,0.23017764153800524,7.813153320996002
co2c0000388,control,T8,S1 obj,24,0.0,0.1791469794255896,11.703299160227157
co2c0000388,control,T8,S2 match,24,0.0,0.08659592402099281,16.037623680435008
co2c0000388,control,T8,S2 nomatch,18,0.0,0.26737238285276094,6.537301673339917
co2c0000388,control,TP8,S1 obj,24,0.0,0.14593449828139976,12.322021613780871
co2c0000388,control,TP8,S2 match,24,0.0,0.10084201671919757,14.974630201673836
co2c0000388,control,TP8,S2 nomatch,18,0.0,0.24661050134241103,6.8761240395905725
co2c0000389,control,P8,S1 obj,51,0.0,0.06286536919746336,27.475287098224868
co2c0000389,control,P8,S2 match,23,0.0,0.16705167266480583,10.345832042361375
co2c0000389,control,P8,S2 nomatch,25,0.0,0.10538354727653257,13.779702730032191
co2c0000389,control,PO8,S1 obj,51,0.0,0.06575536889220943,27.18097911391697
co2c0000389,control,PO8,S2 match,23,0.0,0.18301100671950263,9.516517960663068
co2c0000389,control,PO8,S2 nomatch,25,0.0,0.153346415809821,13.517708792667985
co2c0000389,control,T8,S1 obj,51,0.0,0.09788013550062609,22.478241583032407
co2c0000389,control,T8,S2 match,23,0.0,0.19580080863897026,9.934769605595061
co2c0000389,control,T8,S2 nomatch,25,0.0,0.1513779355223052,11.291246634412918
co2c0000389,control,TP8,S1 obj,51,0.0,0.07712135907400149,24.57214839995974
co2c0000389,control,TP8,S2 match,23,0.0,0.1866838054372363,10.499106333156709
co2c0000389,control,TP8,S2 nomatch,25,0.0,0.1493090261320561,13.401701273074039
co2c0000390,control,P8,S1 obj,18,0.0,0.22796372413372634,9.014202532161763
co2c0000390,control,P8,S2 match,19,0.0,0.13718502271889907,12.53316205406005
co2c0000390,control,P8,S2 nomatch,21,0.0,0.1137664105784577,13.6694325521893
co2c0000390,control,PO8,S1 obj,18,0.0,0.17465326021875743,10.408026538556093
co2c0000390,control,PO8,S2 match,19,0.0,0.12302635603258329,13.592866555840091
co2c0000390,control,PO8,S2 nomatch,21,0.0,0.13713012381397607,12.597519591050823
co2c0000390,control,T8,S1 obj,18,0.0,0.19940632553946994,8.428582456869709
co2c0000390,control,T8,S2 match,19,0.0,0.1270607209086407,12.432785331302968
co2c0000390,control,T8,S2 nomatch,21,0.0,0.19447298348597453,10.1278967006998
co2c0000390,control,TP8,S1 obj,18,0.0,0.2937319349429776,6.842341369097278
co2c0000390,control,TP8,S2 match,19,0.0,0.1181202408301968,11.86287693403705
co2c0000390,control,TP8,S2 nomatch,21,0.0,0.1145410926723251,14.020372295487642
co2c0000391,control,P8,S1 obj,12,0.0,0.18705586379928124,9.09147400450485
co2c0000391,control,P8,S2 match,11,0.00033934503596526355,0.22060134007592708,7.851779261222647
co2c0000391,control,P8,S2 nomatch,18,0.0,0.1499883267174094,10.291118093366071
co2c0000391,control,PO8,S1 obj,12,0.0,0.18456029559106177,8.43621938287564
co2c0000391,control,PO8,S2 match,11,0.0,0.21994934746765438,6.915344465413275
co2c0000391,control,PO8,S2 nomatch,18,0.0,0.14053334825486044,10.094508793891258
co2c0000391,control,T8,S1 obj,11,0.0,0.4479945462778724,3.644905811470863
co2c0000391,control,T8,S2 match,11,0.002127202129309218,0.27809975708041174,6.573258272747245
co2c0000391,control,T8,S2 nomatch,17,0.0,0.20254546259788142,9.699656632319284
co2c0000391,control,TP8,S1 obj,12,0.0,0.24938827291807486,5.729280383101951
co2c0000391,control,TP8,S2 match,11,0.023592506499318204,0.2275123869078506,7.007934018565662
co2c0000391,control,TP8,S2 nomatch,18,0.0,0.14008417051026856,11.273012054314345
co2c0000392,control,P8,S1 obj,51,0.0,0.05175497088170074,34.924568284218324
co2c0000392,control,P8,S2 match,24,0.0,0.10080145424064718,17.570579656032585
co2c0000392,control,P8,S2 nomatch,24,0.0,0.18170122835517788,11.888412760732363
co2c0000392,control,PO8,S1 obj,51,0.0,0.05972323410136683,35.019458228743765
co2c0000392,control,PO8,S2 match,24,0.002925433545762085,0.10526702339842174,16.53084687763678
co2c0000392,control,PO8,S2 nomatch,24,0.0,0.1969478319932481,11.858534869613491
co2c0000392,control,T8,S1 obj,51,0.0,0.09066184563079738,23.356321932600107
co2c0000392,control,T8,S2 match,24,0.0,0.2849740776978327,6.710789451597391
co2c0000392,control,T8,S2 nomatch,24,0.0,0.16268815754780086,12.487271230535535
co2c0000392,control,TP8,S1 obj,51,0.0,0.0700407275522183,29.905631986549984
co2c0000392,control,TP8,S2 match,24,0.0031760574980121987,0.08598093409057235,18.51515228236487
co2c0000392,control,TP8,S2 nomatch,24,0.0,0.1423945948863521,12.321395492563779
co2c0000393,control,P8,S1 obj,50,0.0,0.05961565872672992,28.82916723343747
co2c0000393,control,P8,S2 match,29,0.0,0.11263614850019013,15.620023877416921
co2c0000393,control,P8,S2 nomatch,30,0.0,0.06615554669932458,24.679745280060533
co2c0000393,control,PO8,S1 obj,50,0.0,0.053129652375893066,29.064246927716358
co2c0000393,control,PO8,S2 match,29,0.0,0.10931525336599984,17.281489182799962
co2c0000393,control,PO8,S2 nomatch,30,0.0,0.06782370937153383,23.313436063400612
co2c0000393,control,T8,S1 obj,50,0.0,0.06717600861811981,24.75279273496216
co2c0000393,control,T8,S2 match,29,0.0,0.11019812470910328,16.871759480699374
co2c0000393,control,T8,S2 nomatch,30,0.0,0.07501041664960408,21.765466856711786
co2c0000393,control,TP8,S1 obj,50,0.0,0.042421970950961466,36.10094832816574
co2c0000393,control,TP8,S2 match,29,0.0,0.12103325768429324,16.51050708121278
co2c0000393,control,TP8,S2 nomatch,30,0.0,0.07818016806957437,20.925853118199647
co2c0000394,control,P8,S1 obj,48,0.0,0.06397842489319679,26.60490746968785
co2c0000394,control,P8,S2 match,18,0.0,0.19556186450727878,10.602607356214444
co2c0000394,control,P8,S2 nomatch,18,0.0,0.12844828690768972,10.99116856400622
co2c0000394,control,PO8,S1 obj,47,0.0,0.0677474689751509,25.95487325188116
co2c0000394,control,PO8,S2 match,17,0.0,0.1289285596490829,11.458159127127557
co2c0000394,control,PO8,S2 nomatch,18,0.0,0.11805115010629585,13.227580689369695
co2c0000394,control,T8,S1 obj,47,0.0,0.10095858001568404,20.872320713310746
co2c0000394,control,T8,S2 match,18,0.0,0.11236338027558679,13.090933986254129
co2c0000394,control,T8,S2 nomatch,19,0.0,0.1159003266475771,10.485552776688584
co2c0000394,control,TP8,S1 obj,48,0.0,0.07619375690960589,24.916538245925675
co2c0000394,control,TP8,S2 match,18,0.0,0.1650292174708077,11.629543727089807
co2c0000394,control,TP8,S2 nomatch,19,0.0,0.1708071379639125,9.83239877884374
co2c0000395,control,P8,S1 obj,51,0.0,0.07016410448748686,26.074282470658567
co2c0000395,control,P8,S2 match,25,0.0,0.11189167041057066,13.601459485118626
co2c0000395,control,P8,S2 nomatch,28,0.0,0.0725613514666204,18.86063365369611
co2c0000395,control,PO8,S1 obj,51,0.0,0.07337598927987406,22.93815578963838
co2c0000395,control,PO8,S2 match,25,0.0,0.13129999914616755,12.258743785183666
co2c0000395,control,PO8,S2 nomatch,28,0.0,0.10838552611573768,16.724171619350653
co2c0000395,control,T8,S1 obj,51,0.0,0.07775504026817867,25.959709815956124
co2c0000395,control,T8,S2 match,25,0.0,0.12992029480990347,12.327288680958283
co2c0000395,control,T8,S2 nomatch,28,0.0,0.12481975826080723,15.77832725995999
co2c0000395,control,TP8,S1 obj,51,0.0,0.0653499583958582,27.937584020846405
co2c0000395,control,TP8,S2 match,25,0.0,0.1206096450817562,12.772848665632363
co2c0000395,control,TP8,S2 nomatch,28,0.0,0.0800481200174792,18.408339041609658
co2c0000396,control,P8,S1 obj,28,0.0,0.15287787482580592,13.014772357294612
co2c0000396,control,P8,S2 match,18,0.0,0.1317684088847461,11.107179179954334
co2c0000396,control,P8,S2 nomatch,11,0.0,0.2560078981305197,5.628380524017238
co2c0000396,control,PO8,S1 obj,28,0.0,0.11980851490891792,13.524107619496432
co2c0000396,control,PO8,S2 match,18,0.0,0.13541972318580062,10.440350335796774
co2c0000396,control,PO8,S2 nomatch,11,0.0,0.26759215257671826,4.749949269006457
co2c0000396,control,T8,S1 obj,28,0.0,0.13571496329302773,13.61461014551205
co2c0000396,control,T8,S2 match,18,0.0,0.10899119892385865,13.368163663455972
co2c0000396,control,T8,S2 nomatch,11,0.0,0.20701550922828232,7.628056834253132
co2c0000396,control,TP8,S1 obj,28,0.0,0.15272298321713587,12.744635021865944
co2c0000396,control,TP8,S2 match,18,0.0,0.12087130083098423,11.039863715438566
co2c0000396,control,TP8,S2 nomatch,11,0.0,0.30916542487250315,5.387806303358317
co2c0000397,control,P8,S1 obj,44,0.0,0.06621815223452544,25.652146191330015
co2c0000397,control,P8,S2 match,18,0.0,0.16854821094989067,10.582492710306092
co2c0000397,control,P8,S2 nomatch,16,0.0,0.18512699067612617,9.881263638524954
co2c0000397,control,PO8,S1 obj,44,0.0,0.06432704135520502,27.837449288689147
co2c0000397,control,PO8,S2 match,18,0.0,0.16567980676119437,10.10051258896385
co2c0000397,control,PO8,S2 nomatch,16,0.0,0.17168136982789994,9.421715819743637
co2c0000397,control,T8,S1 obj,44,0.0,0.08009434203531844,23.38451054052717
co2c0000397,control,T8,S2 match,18,0.0,0.1730119471478974,9.206224319069234
co2c0000397,control,T8,S2 nomatch,16,0.0,0.24855453772384958,6.522636356739483
co2c0000397,control,TP8,S1 obj,44,0.0,0.07439093179396668,23.716913219243395
co2c0000397,control,TP8,S2 match,18,0.0,0.15055816968852503,10.46351791867018
co2c0000397,control,TP8,S2 nomatch,16,0.0,0.20747441719654094,9.106954094779661
co2c1000367,control,P8,S1 obj,53,0.0,0.07144985582804442,31.118712126696444
co2c1000367,control,P8,S2 match,24,0.0,0.1904509888477252,11.067765526432142
co2c1000367,control,P8,S2 nomatch,25,0.0,0.1413956753012327,13.303797461144743
co2c1000367,control,PO8,S1 obj,53,0.0,0.06815397953906098,33.31352337197176
co2c1000367,control,PO8,S2 match,24,0.0,0.12888560091851858,14.5926246664505
co2c1000367,control,PO8,S2 nomatch,24,0.0,0.11521013187373633,14.719636391860728
co2c1000367,control,T8,S1 obj,53,0.0,0.07895646905118411,25.728251471031808
co2c1000367,control,T8,S2 match,24,0.0,0.16686696460951303,11.382409539354946
co2c1000367,control,T8,S2 nomatch,26,0.0,0.13179333439475274,14.208403605412252
co2c1000367,control,TP8,S1 obj,53,0.0,0.06545451363920858,29.80557413800054
co2c1000367,control,TP8,S2 match,24,0.0,0.12720981130246,13.37006284981405
co2c1000367,control,TP8,S2 nomatch,26,0.0,0.0887740562811162,19.187879325291615
co3a0000448,alcoholic,P8,S1 obj,32,0.0,0.10234367414597034,14.396713910045925
co3a0000448,alcoholic,P8,S2 match,20,0.0,0.10300062297493981,13.711535539259804
co3a0000448,alcoholic,P8,S2 nomatch,14,0.0,0.1999197958215016,9.537009375696808
co3a0000448,alcoholic,PO8,S1 obj,32,0.0,0.09520126937993088,17.80915316022581
co3a0000448,alcoholic,PO8,S2 match,20,0.0,0.13918556753009415,13.131746451278406
co3a0000448,alcoholic,PO8,S2 nomatch,14,0.0,0.16775653457627526,10.341058178229993
co3a0000448,alcoholic,T8,S1 obj,32,0.0,0.11107541871839427,14.305819948232275
co3a0000448,alcoholic,T8,S2 match,20,0.0,0.10971050307715817,13.642889904858412
co3a0000448,alcoholic,T8,S2 nomatch,14,0.0,0.19653179297288323,8.733911261922339
co3a0000448,alcoholic,TP8,S1 obj,32,0.0038449560234001807,0.05540677885882409,26.475445094099367
co3a0000448,alcoholic,TP8,S2 match,20,0.0,0.12236664956833941,14.097874903411121
co3a0000448,alcoholic,TP8,S2 nomatch,14,0.0,0.1819082116036041,9.44794575577499
co3a0000450,alcoholic,P8,S1 obj,60,0.0,0.047613689581122845,43.4774193105349
co3a0000450,alcoholic,P8,S2 match,29,0.0,0.1278583691264739,13.357116559387439
co3a0000450,alcoholic,P8,S2 nomatch,30,0.0,0.11651227368349126,15.869767581434557
co3a0000450,alcoholic,PO8,S1 obj,60,0.0,0.0638496174719267,34.153845098275944
co3a0000450,alcoholic,PO8,S2 match,29,0.0,0.1405060292470382,12.8320509566736
co3a0000450,alcoholic,PO8,S2 nomatch,30,0.0,0.09587964465559977,18.05817005456408
co3a0000450,alcoholic,T8,S1 obj,60,0.0,0.06632019404421317,28.356245595258187
co3a0000450,alcoholic,T8,S2 match,29,0.0,0.11375965646834148,15.507886258228098
co3a0000450,alcoholic,T8,S2 nomatch,30,0.0,0.10424316994618057,15.543631854423316
co3a0000450,alcoholic,TP8,S1 obj,60,0.0,0.057028519595353884,34.00524854559885
co3a0000450,alcoholic,TP8,S2 match,29,0.0,0.12797267077856103,14.189669565049899
co3a0000450,alcoholic,TP8,S2 nomatch,30,0.0,0.1164784460601572,15.63257291615875
co3a0000451,alcoholic,P8,S1 obj,60,0.0,0.05328168938203534,35.54355386564635
co3a0000451,alcoholic,P8,S2 match,28,0.0,0.09501862297516182,17.214106847549186
co3a0000451,alcoholic,P8,S2 nomatch,29,0.0,0.10746449280901614,15.285635249624477
co3a0000451,alcoholic,PO8,S1 obj,60,0.0,0.0532457839387971,38.8449011783729
co3a0000451,alcoholic,PO8,S2 match,28,0.0,0.08348546729180853,19.35084411728931
co3a0000451,alcoholic,PO8,S2 nomatch,29,0.0,0.10256794457965465,18.28396405179794
co3a0000451,alcoholic,T8,S1 obj,60,0.0,0.064313358842846,27.926776701702682
co3a0000451,alcoholic,T8,S2 match,28,0.0,0.08598861827176998,19.345417939297747
co3a0000451,alcoholic,T8,S2 nomatch,29,0.0,0.1130547123416813,15.247287548721598
co3a0000451,alcoholic,TP8,S1 obj,60,0.0,0.06949939703200986,30.484122006920504
co3a0000451,alcoholic,TP8,S2 match,28,0.0,0.0889756369128505,18.872391170198433
co3a0000451,alcoholic,TP8,S2 nomatch,29,0.0,0.11624899835068041,13.921640172228694
co3a0000453,alcoholic,P8,S1 obj,48,0.0,0.07631575404814532,23.65839725289279
co3a0000453,alcoholic,P8,S2 match,18,0.0,0.1525589242199211,9.902494021681532
co3a0000453,alcoholic,P8,S2 nomatch,20,0.0,0.13988343983709126,12.282446991452533
co3a0000453,alcoholic,PO8,S1 obj,48,0.0,0.06415539784380886,24.969079176979296
co3a0000453,alcoholic,PO8,S2 match,18,0.0,0.13540025370145115,10.96043826515778
co3a0000453,alcoholic,PO8,S2 nomatch,20,0.0,0.14302468338387578,11.817366798070204
co3a0000453,alcoholic,T8,S1 obj,48,0.0,0.10628433965328725,19.21243662404087
co3a0000453,alcoholic,T8,S2 match,18,0.0,0.13336085440898296,12.563376181431874
co3a0000453,alcoholic,T8,S2 nomatch,20,0.0,0.23700442064052285,9.525428326408074
co3a0000453,alcoholic,TP8,S1 obj,48,0.0,0.0863355989331928,22.84710364468099
co3a0000453,alcoholic,TP8,S2 match,18,0.0,0.18805635752889935,8.712222974895235
co3a0000453,alcoholic,TP8,S2 nomatch,20,0.0,0.1414520124417023,12.370517111630987
co3a0000454,alcoholic,P8,S1 obj,40,0.0,0.09442197760913333,21.30145927283804
co3a0000454,alcoholic,P8,S2 match,13,0.0,0.25758307820393234,6.02919148869689
co3a0000454,alcoholic,P8,S2 nomatch,15,0.0,0.20401704850559912,8.17962837192955
co3a0000454,alcoholic,PO8,S1 obj,40,0.0,0.0987179688983509,18.93888063490187
co3a0000454,alcoholic,PO8,S2 match,13,0.0,0.23781374264157407,5.954195185663404
co3a0000454,alcoholic,PO8,S2 nomatch,15,0.0,0.17604682165710744,8.402239825818361
co3a0000454,alcoholic,T8,S1 obj,40,0.0,0.11285987716464357,14.960809836420486
co3a0000454,alcoholic,T8,S2 match,13,0.0,0.2128769809361825,6.551705955041549
co3a0000454,alcoholic,T8,S2 nomatch,15,0.0,0.20532692159979954,7.083270281618245
co3a0000454,alcoholic,TP8,S1 obj,40,0.0,0.08126440216277525,21.143249864918353
co3a0000454,alcoholic,TP8,S2 match,13,0.0,0.2589150163956782,5.701436143523019
co3a0000454,alcoholic,TP8,S2 nomatch,15,0.0,0.18146248072876883,9.171924826132786
co3a0000455,alcoholic,P8,S1 obj,27,0.0,0.13592622823209066,11.522918730357327
co3a0000455,alcoholic,P8,S2 match,16,0.0,0.21759956735203134,7.631693030576466
co3a0000455,alcoholic,P8,S2 nomatch,15,0.0,0.137584206589996,10.707367535519126
co3a0000455,alcoholic,PO8,S1 obj,27,0.0,0.12324692447515831,13.341989877621094
co3a0000455,alcoholic,PO8,S2 match,16,0.0,0.2421046983904891,6.736974495925841
co3a0000455,alcoholic,PO8,S2 nomatch,15,0.0,0.18477311795446213,9.705759926572844
co3a0000455,alcoholic,T8,S1 obj,27,0.0,0.16541106303623235,11.197375130876612
co3a0000455,alcoholic,T8,S2 match,16,0.0,0.251661197754937,5.981199031878225
co3a0000455,alcoholic,T8,S2 nomatch,15,0.0,0.18352190580875427,8.005748756255125
co3a0000455,alcoholic,TP8,S1 obj,27,0.0,0.14405426683013958,11.700940935041386
co3a0000455,alcoholic,TP8,S2 match,16,0.0,0.23734821328308445,7.016751220673525
co3a0000455,alcoholic,TP8,S2 nomatch,15,0.0,0.2194463163825688,7.533702523201785
co3a0000456,alcoholic,P8,S1 obj,40,0.0,0.07860738321704945,24.282446106572657
co3a0000456,alcoholic,P8,S2 match,18,0.0,0.19094888317765377,7.45862985999815
co3a0000456,alcoholic,P8,S2 nomatch,22,0.0,0.1969188109169741,10.779997128317394
co3a0000456,alcoholic,PO8,S1 obj,40,0.0,0.07342278116478036,28.853492589096657
co3a0000456,alcoholic,PO8,S2 match,18,0.0,0.2061991358708423,7.0648657780610655
co3a0000456,alcoholic,PO8,S2 nomatch,22,0.0,0.17859344731602303,10.41990961427097
co3a0000456,alcoholic,T8,S1 obj,40,0.0,0.109364160589906,16.691086404503302
co3a0000456,alcoholic,T8,S2 match,18,0.0,0.1640571411847528,10.706159390191505
co3a0000456,alcoholic,T8,S2 nomatch,22,0.0,0.15450939612866502,9.75474112918196
co3a0000456,alcoholic,TP8,S1 obj,40,0.0,0.08525828866933353,22.166527804730922
co3a0000456,alcoholic,TP8,S2 match,18,0.0,0.1926105150005327,8.912673502881573
co3a0000456,alcoholic,TP8,S2 nomatch,22,0.0,0.18124608208720921,10.251401713252212
co3a0000457,alcoholic,P8,S1 obj,33,0.0,0.1470433058207464,12.87890805812468
co3a0000457,alcoholic,P8,S2 match,15,0.0,0.15619169817813405,9.892561973342254
co3a0000457,alcoholic,P8,S2 nomatch,23,0.0,0.16267107780595172,10.25911934618587
co3a0000457,alcoholic,PO8,S1 obj,33,0.0,0.1255484576778632,13.815181554147339
co3a0000457,alcoholic,PO8,S2 match,15,0.0,0.1664180507852413,9.705093134223821
co3a0000457,alcoholic,PO8,S2 nomatch,23,0.0,0.17379896343890877,10.265441853636842
co3a0000457,alcoholic,T8,S1 obj,33,0.0,0.17176195067619013,10.111778117868365
co3a0000457,alcoholic,T8,S2 match,15,0.0,0.15478030392249284,9.073904549409225
co3a0000457,alcoholic,T8,S2 nomatch,23,0.0,0.16677564729019467,9.6126267480482
co3a0000457,alcoholic,TP8,S1 obj,33,0.0,0.17029277740204432,11.460220104181918
co3a0000457,alcoholic,TP8,S2 match,15,0.0,0.15119691939318997,10.267899696565228
co3a0000457,alcoholic,TP8,S2 nomatch,23,0.0,0.15846879220849494,9.679997304154309
co3a0000458,alcoholic,P8,S1 obj,47,0.0,0.08142511129889815,24.581662840746706
co3a0000458,alcoholic,P8,S2 match,27,0.0,0.08244794600524927,18.311537352736607
co3a0000458,alcoholic,P8,S2 nomatch,27,0.0,0.09521909831915766,16.1614530070929
co3a0000458,alcoholic,PO8,S1 obj,47,0.0,0.075869797724017,27.17890187754009
co3a0000458,alcoholic,PO8,S2 match,27,0.0,0.09274580257318504,18.140765678103833
co3a0000458,alcoholic,PO8,S2 nomatch,27,0.0,0.098459728008445,17.534520299789655
co3a0000458,alcoholic,T8,S1 obj,47,0.0,0.09896269261670491,22.20543247143109
co3a0000458,alcoholic,T8,S2 match,27,0.0,0.1035103414718716,16.78403285382363
co3a0000458,alcoholic,T8,S2 nomatch,27,0.0,0.13264573973367644,14.316505223887422
co3a0000458,alcoholic,TP8,S1 obj,47,0.0,0.09347983146748845,22.893519834743003
co3a0000458,alcoholic,TP8,S2 match,27,0.0,0.09212463597105804,17.90178565711478
co3a0000458,alcoholic,TP8,S2 nomatch,27,0.0,0.11226705465349612,15.470852503463659
co3a0000459,alcoholic,P8,S1 obj,53,0.0,0.06273168396373595,27.954791646347374
co3a0000459,alcoholic,P8,S2 match,20,0.0,0.10312848422890797,14.623547203321731
co3a0000459,alcoholic,P8,S2 nomatch,25,0.0,0.08513049419867928,18.056696686976434
co3a0000459,alcoholic,PO8,S1 obj,53,0.0,0.053133831131690866,32.0374445155981
co3a0000459,alcoholic,PO8,S2 match,20,0.0,0.10089416204533135,15.946597148962763
co3a0000459,alcoholic,PO8,S2 nomatch,25,0.0,0.08503657882496576,18.961398800419566
co3a0000459,alcoholic,T8,S1 obj,53,0.0,0.07764908472840872,29.38083067942858
co3a0000459,alcoholic,T8,S2 match,20,0.0,0.15639745073349154,12.494162142713849
co3a0000459,alcoholic,T8,S2 nomatch,25,0.0,0.11782351811869018,14.294857449187406
co3a0000459,alcoholic,TP8,S1 obj,53,0.0,0.07196088016824218,28.71451049407664
co3a0000459,alcoholic,TP8,S2 match,20,0.0,0.11237357202611044,13.02952515593545
co3a0000459,alcoholic,TP8,S2 nomatch,25,0.0,0.10188924752364031,15.724421469640832
co3a0000460,alcoholic,P8,S1 obj,59,0.0,0.05305007243446177,36.58406881624997
co3a0000460,alcoholic,P8,S2 match,30,0.0,0.14203144254804212,15.126470097276927
co3a0000460,alcoholic,P8,S2 nomatch,27,0.0,0.07517056307763421,21.38870030762106
co3a0000460,alcoholic,PO8,S1 obj,59,0.0,0.07466943331195668,31.914676394723216
co3a0000460,alcoholic,PO8,S2 match,30,0.0,0.116030602914141,14.62462436971091
co3a0000460,alcoholic,PO8,S2 nomatch,27,0.0,0.10648529567530313,13.347770305464238
co3a0000460,alcoholic,T8,S1 obj,59,0.0,0.06827623503419444,24.971390994946347
co3a0000460,alcoholic,T8,S2 match,30,0.0,0.11462628222352164,14.049754692274687
co3a0000460,alcoholic,T8,S2 nomatch,27,0.0,0.10338035784971722,15.558878045338142
co3a0000460,alcoholic,TP8,S1 obj,59,0.0,0.11974970402860054,20.929965614447422
co3a0000460,alcoholic,TP8,S2 match,30,0.0,0.1561758753243061,14.767075372050547
co3a0000460,alcoholic,TP8,S2 nomatch,27,0.0,0.1036745103728109,14.798252604464944
co3a0000461,alcoholic,P8,S1 obj,13,0.0,0.22740871267584561,6.440554634011693
co3a0000461,alcoholic,P8,S2 match,29,0.011081736345446003,0.061888985076106115,24.71975214725236
co3a0000461,alcoholic,P8,S2 nomatch,29,0.0,0.07534571353699557,22.18973809410661
co3a0000461,alcoholic,PO8,S1 obj,13,0.0,0.23528200938284707,6.125220838606563
co3a0000461,alcoholic,PO8,S2 match,29,0.006658478179236953,0.052806976460853645,26.0257809035264
co3a0000461,alcoholic,PO8,S2 nomatch,29,0.0,0.08401648354550853,18.941328554113632
co3a0000461,alcoholic,T8,S1 obj,13,0.0,0.38437750392712944,4.017096566253821
co3a0000461,alcoholic,T8,S2 match,29,0.0,0.1022629277915825,16.762621458112164
co3a0000461,alcoholic,T8,S2 nomatch,29,0.0,0.1041341125464707,15.352477452488674
co3a0000461,alcoholic,TP8,S1 obj,13,0.0,0.22310708212770047,6.390311729374043
co3a0000461,alcoholic,TP8,S2 match,29,0.0,0.08905468421697021,16.913382130772806
co3a0000461,alcoholic,TP8,S2 nomatch,29,0.0,0.10555816068148526,15.501524634093352
co3c0000402,control,P8,S1 obj,54,0.0,0.05443563507070134,33.8846853408084
co3c0000402,control,P8,S2 match,30,0.0,0.10799205817598043,15.387594928122807
co3c0000402,control,P8,S2 nomatch,27,0.0,0.12483788646664133,16.978419065487998
co3c0000402,control,PO8,S1 obj,54,0.0,0.05938667200723832,34.31007662537929
co3c0000402,control,PO8,S2 match,30,0.0,0.12431447058487591,16.182185764549917
co3c0000402,control,PO8,S2 nomatch,27,0.0,0.12398064446480639,17.66106117773245
co3c0000402,control,T8,S1 obj,54,0.0,0.0783228522006252,24.22846904893655
co3c0000402,control,T8,S2 match,30,0.0,0.10179518597753844,16.65002402584468
co3c0000402,control,T8,S2 nomatch,27,0.0,0.11270586972380567,14.16908295177775
co3c0000402,control,TP8,S1 obj,54,0.0,0.057596778576659985,33.16437087267213
co3c0000402,control,TP8,S2 match,30,0.0,0.11436366142901534,15.687783886837764
co3c0000402,control,TP8,S2 nomatch,27,0.0,0.1123080343337838,17.50370374091787
